Title,Meaning
Абдол,"Шайдо, тентак"
Абжўш,Маска навли узумни махсус эритмада иссиқ вақтида куйдириб майиз ҳолатига келтирилгани
Аваздунак,"Маҳалла номи. Ривоят қилишларича, Аваз исмли бир йигит қум этагида қовун экади. Сувсизлик туфайли экин тўлиқ пишмай қолади. Қовун хом бўлсада йигит уни хонга тортиқ қилади. –Нима бу? – хомлиги билиниб турган қовунни кўриб жаҳли чиқаркан. –Қовун, –дебди Аваз бамайлихотир. – Лекин пишмай қолган, сувсиз ўсган. –Қаерда яшайсан? У ерни Аваздунак, деб номлаймиз, – дебди хон."
Авваламан,Болалар ўйини
Авлиё,Адабий тилдаги бу сўз Хоразмда қабристон маъносида ҳам ишлатилади.
Авусаранг,"Овсар, паришонхотир"
Агизак,Эгизак
Агланмак (эйланмак),Кеч қолмоқ
Адан,Остона
Адан,"1. Чиқинди сув кетадиган чуқурча. 2. Ўтган давр хонадонларида аданда-дарвоза олдида қурилган хоналар эркакларга ажратилган, эркаклар уй соқчиси ҳисобланган. Тўрда–ичкарида қурилган хоналар хотин-қизларга аталган."
Адик,Этик
Адил,Одил
Ажаб,Хўп
Ажжи,Аччиқ
Ажиди,"Сут айниб қатиқ бўлаолмаган ҳолат, аммо пишлоқ қилса бўлади"
Ажиз,Заиф
Ажина,Жин
Ажир,Азоб
Ажойибхона,Музей
Азиб ичар,Бола бу нима деб эзмалаб сўрайверганда шундай жавоб берилади (эзиб ичадиган)
Азиб қўй,Кирни сувга солиб қўй
Азиб олиб сар,Кирларни сувга эзиб сиқиб олиш ва торга осиб қўйиш
Азик,Эзилган
Азилган,Бу одам эзилиб кетган
Азма,"Бир гапни қайта-қайта гапираверадиган, майда гап инсон."
"Айди, эйди (сигир)",Ийди (сигир)
Айланиб ўврилиб,Бир гапни қайта-қайта такрорлайвериш
айтдим).,nan
Ака,Ота
Акди,"1.Экди 2. Синдирди, нобуд қилди, кўкка совурди"
Акиш бошланди,Масалан чигит экиш бошланди
Аккалдила,Олиб келдилар
Акламоқ,"Девор, дарахтларни оҳак билан бўяш"
"Акмаган жойда гўкариб чиқади (белбоға галади,
ўроқа галади)","Бемаврид сўзлайди,"
Акс,Ўжар
Аксилмак,Камситилмоқ
Ал,Қўл
Ала,Элакдан ўтказ
Алавраб юрмоқ,Бошқалар наздида самарасиз ҳаракат қилиб юрган одам
Алакчилик,Элак ясайдиган усталар яшаган маҳалла номи
Алам,Қабристонларга тикиладиган алам рўмол
Алам атади,"Кўнгил қолиши (шу ишни вақтида қилмаганим алам қилади, кўнглимни ғаш қилади)"
Аламимни ола- ман,"Ўч оламан, аламзадаман"
Алас,Табобатда ишлатиладиган ҳар хил гиёҳларни чала ёнган тутинидан “алас-алас” қилинган. Бу одамларни ёмон рухлардан тозалаш мақсадида бажарилган.
Алаштирманг,Айбга буюрманг
Алдикча,Ёш бола кийимининг кўкрак қисмига овқат томмаслиги учун боғлаб қўйиладиган мато
Алжирама,Бўлмағир гапларни гапирма
Алима қўнди (қуш),Қўлимга қўнди (қуш)
Алли,Эллик
Алпатак- елпатак,Бирдан шошиб қолиш. Масалан: тўсатдан меҳмон келиб қолса хонадондагиларнинг шошиб қолиши.
"Амай
(тарозининг амайи)",Тарозининг палласини созлаш учун енгил келган томонига бирон юк қўйиб паллани тенглаштириш
Амбиятчилик,Тўкин-сочинлик
Амдомли,"Жуда яхши, қулай."
Амжак,Эмчак
Ана,Буви
Анака,Энага
Ананга тўйлик галдими,"Онангга тўйлик келдими. Ҳечкимга қарамай, эътибор бермай уйига югуриб бораётган (ё велосипедда, ё машинада, ё отлиқ ё пиёда) шошилиб, тезликни ошириб, ҳурсанд бўлиб бораётган, отаси ўтиб кетган “онабезори” йигитларга кесотиб айтиладиган гап. Нимага? Чунки у тезроқ онасини эрга беришни ўйлаб юрганини маҳаллада ҳамма билади. Совчилар кетиб қолмасинлар деб югуриб келаётган бўлади. Ҳозирги кунларда тезликни оширмаслик лозим бўлган ёш болалар тўла кўчада машинани тез ҳайдаб келаётган ҳайдовчиларга кесатиб айтилади."
Анаполвон,"Кичик Полвон каналига сув берадиган катта Полвон канали. Умуман суви тарқаладиган катта канал кичик каналларга нисбатан ана, яъни она ҳисобланади. Енисей дарёси номи ҳам Энасой сўзидан келиб чиққан."
Ангак,Ияк
Ангариқ,Маҳалла номи
Ангилмак,Эгилмоқ
Ангқилдоқ,Анқов
Ангса,1. Энса 2. Қарз
Ангса атиб қўйдим,Қарздор қилиб қўйдим
Ангсалашмак,"Бир биридан аразлашмоқ, бир-бирини менсимаслик"
Ангширмоқ,Фаҳмламоқ
Андармон,Машғул бўлмоқ
Андин сўнг,Ундан кейин
Андратоп,1. Ажойиб 2. Маъқул 3. Яхши
Анжомхона,Омборхона
Анойи,"Бу бошқача одам, ҳар нарсани биладиган, чаққон"
Апика,Опа
Апир,"Ўта муғомбир, олчоқ одам"
Апкин,Енгил шабада
Аплама,Сифатсиз
Априк,"Қуюқ, аммо ёпишқоқ бўлмаган суюқлик"
Апсиз,Эпсиз
Аптик,"Аптека, дорихона"
Ар,Эр
Ар-хотин,Эр-хотин
Аравламак,Оёқ остида чувалашмоқ. Ҳамма ишга аралашавериш.
Арвик,Маҳалла номи
Арганак (Арянак),"Панжара, темирдан ёки тахтадан қилинган тўсиқ"
Арзойил,Азройил
Арик,Ўрик
Арка бола,Эркатой
Аркак,Эркак
Аркалик,Эркаланиш
Армак,Эрмак
Армисоқдан қолғон,"Ота-боболардан қолган, эски даврлардан қолган, қачондан бери борлиги номаълум"
Арповойдон,Арпабодиён
Аса,Ундай бўлса
Асанкираш,Эсанкираш
Асар,Эшитганимдан ҳеч нарса қолмади (ҳеч нарса)
Асвак суви,"Суғориш тури, барча сув белгиланган жойга етиб келиши учун пастдаги жўякларнинг бекитилиб, юқорида жойлашган далаларга сув бериш усули."
Асди (шамол),Эсди (шамол)
Асирма,"Катта кетма, мағрурланма, толтайма"
Аспи жаллоб,От ўғриси иборасидан келиб чиққан бўлиб фирибгар маъносини англатади.
Астанроқ юри,"Секинроқ, шошилмасдан юргин"
Атак,1.Кийим этаги 2.Тоғ этаги
Ағдариб урди,Курашда шеригини бошидан ошириб ерга кураги билан уриш
Атойи мулк,"Ерли мулк, умрлик берилган ер майдони, мерос қилиб қолдириш ҳуқуқи билан"
Афтода,"Уст-боши кир, йиртиқ.юз-қўли ювилмаган"
Ахр манда на гунох,Мен гуноҳсизман-ку
Аҳамиятчилик- да,Фурсат бўлганда
Аък,Оҳак
Бавак,Чақалоқ
Бағрима босдим,Қучоғимга олдим
Бадастур ишлаш,Тартибли тарзда ишлаш
Бадланиб қарамоқ,Ёмон кўз билан қарамоқ
Бадрўй,"Бадбашара, кўримсиз"
Баёт,Давлатли
Базирён,Савдогар
Бак,"Бек, маҳкам, ёпиқ"
Бакдурди,"Бектурди, маҳкам турсин, деб қўйилган ном, Турсун исми каби"
"Бакжон, Бакчон","Бекжон, бола исми, якка-ёлғиз ўғил бола туғилганда жоним маҳкам тўхтасин деб ном қўйилган (жоним болам дегани)"
Бакла,"Ёп, бекит"
Бакра,Осётр балиғи
Баққа,Сут (бола тилидан)
Балли,"Аниқ, белгиланган."
Бало ( яхши ва ёмон маънода),"1. Бу бола боламас бало (офат, фалокат) бўлди. 2. Бу болам жонимнинг озиғи, бало, ҳамм а гапни тушунади."
Банди,"Зиндонга кишанлаб ташланган, зиндонбанд"
Барак,Чучвара
Бари гал,Бу ёққа кел
Бас,Бахс
Бахтар (Боғот туманида),Шамолдан панароқ ёки шимол томондан бино билан тўсилган жой
Безувон,"Ювош, мўмин-қобил одам"
Бейи,Беҳи
Бейик,Баланд
Бейиш,Беҳишт
Бекдали,Ҳурматли
Бел,Белкурак
Бера ўтир,Бу ёққа ўтир
Берда,Бу ерда
Берегин,"Аслида Худойберганов бўлган фамилияни ўзгартирилиши натижасида, яъни қатағон даврида қўрқувдан “худой” ўзагини олиб ташланганлиги сабабли пайдо бўлган."
Бесўнақай,"Эпсиз, иш бажаришда нимадан бошлашни билмайдиган, қаерга борса урилиб, туртилиб юрадиган одам. Дастурхон атрофида ўтирганида, албатта бирон нарсани туртиб йиқади ёки чойнакни ағдариб юборади"
Бечка,Дарахт ёки ўсимлик тагидан ўсиб чиқадиган новдачалар
Бешдан-бешдан,"Ўйин тури, бешта кичик тошларни ерга қўйиб, битта тошни юқорига ирғитиб, у тушгунча пастдаги тошдан бирини олиб, тепадан тушганни ҳам ушлаб қолади."
Бешикчи,1. Бешик ясайдиган уста. 2. Бешиктебратар (ҳашорат).
Бешоқшом,"Чақалоқ туғилишидан 5 кун ўтиб бериладиган садақа, гуручли суюқ ош қўшниларга тарқатилади."
Бештирноқ,"Грабля –боғу-роғларда, далаларда хазонларни йиғиштиришда ишлатиладиган асбоб."
Биёра,"Қовун, тарвуз палаги"
Бижғирди,Хамир қориб бостириб қўйганингизда шишиб тоғорадан оқа бошлайди
Бииз,Бигиз
Бийи,Янга
Бика,Оилада ёки элатда ёши катта ёки билими бошқалардан устун бўлган аёл (лидер-етакчи). Бирон бир масъулиятли ишни бажаришдан олдин бика билан маслаҳатлашиб оладилар
Билагўра,"Билиб туриб қилиш, атайлаб қилиш"
Билмабман,Билмай қолибман
Билмин атдим,Билмасдан қилиб қўйдим
"Бир тошимон, ўласан","Бир ураман, ўласан."
Бир ўйли жўвит,"Қовоғини осиб, ҳеч ким билан гаплашмай ўтирадиган одамга нисбатан ишлатилади"
Бир чайим сув,Оғиз чайишга етадиган сув миқдори.
Бир ютум сув,Бир қултум сув.
Бирғи,"Бурайдиган асбоб, отвертка, бурайдиган калитлар."
Бирзамон,Бирпас
Бирмак,"Безори, ёш бола"
Битир,"Битказ, тамомла"
Бичилган,Ахта қилинган
Бичқи,Арра
Бичмоқ,"1.Уй ҳайвон, масалан, қўчқорни ахта қилиш 2.Бўлмаган ёки бўлиши кутилаётган нарсани ўзича таърифлаш"
Бишшиқ,Эзилиб кетган конфет
Блаштирма,Ифлос қилма
Бломиқ,Атала
Блошиқ,Ифлосланган
Бо,Бор
Бодирак,Варрак
Бодли,"Кучли, қувватли"
Бодом бармоқ,Кўрсатгич бармоқ
Боёқи,1.Ҳалиги 2.Илгариги
Божоқ,Аёллар олтин тақинчоғи.
Бой-бўй,Бай-бай
Бойимжон,Бақлажон
"Бойқамак
(Хонқа тумани.)","Ҳурмат, эътибор кўрсатмоқ. Масалан:У бойқоғонни бойқийди."
Бойли,Боғланган
Бойлиқ,"1.Бойлик, 2.Қозиққа боғлаб қўйилган"
Болағина,"Бечора маъносида, ёш болаларга нисбатан ишлатилади"
Боланго   мулк атиб бардингми,"Болангни уйли-жойли қилдингми, отанинг вазифаси боласини уйли-жойли қилиб айрим чиқариш."
Болани иситмаси бор,Болани иссиғи чиқган
Болдиз,Қайинсингил
Болдоқ,Даста
Болиқни ўс,"Балиқни пиширишга тайёрла, тозалаб майдала"
"Болқи тут, оқ тут",Балхи тут
Болоқ,"Шимни пастки, оёқ ўтадиган қисми"
Болоқингни чизға,"1. Велосипед минаётган болага онаси шимингни болоқини чизғаб ол деб мурожаат қилади. Илгарилари велосибед занжирининг устки қисми очиқ бўларди. Шимни ялмаб кетиши мумкин эди. 2. Сувоқ учун оёқ яланг лой қораётганда (тайёрлаётганда), иштонинин болоқини чизғаб (йиғиб) олардилар."
Болор,Том бостирмасида ёғочларни кўтариб турадиган кўндаланг қўйиш учун ишлатиладиган бақувват ёғоч
Болори,Асалари
Болчингирик,Шакарқамиш
Боми,Борми
"Бона га, бона гал.","Бери кел, бу ёққа кел"
"Бона.
(Қачоннан бона сани
қидираман.)",Бери. (Қачондан бери сени излайман.)
Бооно топмо,Баҳона қилма ([О] чўзиб айтилади)
Бора (санга ничча бора,Сенга неча марта айтдим
Борвадим,Борган эдим
Боримман,Бормайман
Борина шукир,Борига шукур
Борломоқ,Йўқламоқ
Борлош,"Йўқлама қилиш, аниқлаш, ҳисобга олиш."
Бормаса гўра борсин,Бормаса мозористонга борсин (кесатиқ)
Бормин-галмин ҳафа атиб қўйди,Ўйламай-нетмай ҳафа қилиб қўйди
Боромакан?,Борарканми?
Боғдош қуриб ўтирди,Чордона қуриб ўтирди
Боғир,Жигар
Боғишамол,"Доимо шамол эсиб турадиган боғ. Хивада шу кунларда ҳам мавжуд, хонлик давридан қолган"
Боғламман,Боғламайман
Боқинмоқ,Тобе бўлмоқ
Боқир,Қоғоз пулнинг ўрнини босувчи темир танга
Боқириб гапла ш,Қаттиқ овоз чиқариб гапириш
Боққи,Бўрдоқи
Боса-бос,Тўполон
Босинқиради,Тушида алаҳсиради
Босирниқиш,Уйқудан қўрқиб уйғонишдаги ҳолат
Бостирмо кўча,Усти берк кўча (Ичон калъада уй-жой учун ер қолмаганда кўчаларнинг ҳам устини бостириб иккинчи қават жой қилинган)
"Ботириб ол, ботр","Сувга анал ив, сувга бос"
Ботис,Юпқа ялтироқ мато
Ботмон,Ўлчов бирлиги
Бохмол,Духоба
Бохно,Қарам
Бохтиқаро,"Иши юришмайдиган, ночор одам"
Бошқаси қуридими,Бирон нарсани солишга челак олиб чиқ деганда. Кўримсиз аҳволга келган челакни олиб чиқганга нисбат
Бошпотроқ,Боши-оёғи йўқ иш ёки маъносиз гап
Бра,Бурга
Бўби (“Ў”га урғу бериб айтилади),“Ит” сўзининг бола тилидан айтилиши
"Бўби галди, ёт","Болаларни қўрқитиш тури, номаълум маҳлуқ билан қўрқитиш орқали ухлашга ундаш."
Буғоз хотин,Ҳомиладор хотин
Будоқ,Бутоқ
Бўён,Қизилмия
Буз бузолоқ,Ўйин тури
Бузиқ,Ҳулқи ёмон инсон
Бузоқвошши,"Бузғувчи, кўпчилик бўлиб яхши иш бажараётганларни бирлигини бузадиган одам"
Бузуқчи,"Синиқ суякларни солувчи, жой-жойига қўйиб даволовчи табиб."
Бузхона,"Муз сақланадиган жой, Хивада шу номда қишлоқ ҳам мавжуд, шаҳарга яқин қишлоқдаги кўллардан қишда музларни кесиб олиб ёзда фойдаланиш учун кўмиб қўйилган."
"Буйин, Бугин",Бугун-бу кун
Бўйинда бо,Ҳомиладор
Бўйро,Намлик ўтадиган жойга чиқмаслиги учун кигиз тагидан тўшаладиган қамишдан тўқилган тўшама)
Бўйродо гулгайсан,"30-40 йил аввал майит бўйро устига қўйиб ювиларди, шунга монанд кесатиб сўкиш тури."
Букилиб дур,Энгашиб тур
Букин,Букланган жой
Буклам,"1. Оқ мато, чит"
Бўкчи,Сакра
Бўкчимоқ,Сакрамоқ
Буқабичим одам,Йўғон гавдали одам
Бўлақўй,Бўлақол
Бўлдомли,"Гавдали, йирик."
Бўлмидўвин,"Бўлмайдиган, бажарилмайдиган."
Булович,Қозондаги овқатни қориштириш учун ишлатиладиган катта ёғоч қошиқ.
Булома (гапни блома),Қориштирма (гапни қориштирма)
Буломиқ,"Суюқ лой, овқат тури"
Буломон,Мусиқа асбоби
Бўлтак,"Соқов, тилида ишкал бор"
Буниси сиза дўғри галди,Буниси сиз учун тикилгандек мос тушди (кийим танлашга оид)
Бур,Симни бура
Бурнойин галиб гетди,Кечадан олдинги куни келиб кетди
Бўрсоқ,Бўғирсоқ
Бурт,Мўйлов
Бурунги замон,"Қадимги, ўтган замон"
Бурунғи гун,Кечаги кундан олдингиси
Бурундиқ,"Ўкиз бурнига тақиладиган темир ҳалқа, ип боғлаш учун."
Бурунч,Гуруч
Бурч,Қалампир
Бурчоқ ёғётир,Муз ёғаяпти.
Бўстон,"Қишлоқ номи, боғи бўстон"
Бутун,Тамомила
Бўша гап,Бўлмағир гап
Бўшоғ,Яйлов
Бўшочи,Бекорчи
Буюргун (Буюрюн),Индин
Буюрмоғон,"Кераксиз, ёмон нарса"
Важ,"Нарса, буюм"
Валатизино,Отаси номаълум
Вано борғонда биламиз,У ёққа борганда биламиз
Варағзон,"Қишлоқ номи, катта ариқдан ирмоқларга шу ерда сув тақсимланади."
"Ви ([и] товуши деярли
эшитилмайди)",У
Ви дурмин гетди,У тўхтамай кетди
Вовоқ,Хивада номи чиққан раққоснинг лақаби
Воғломо,Мўл-кўлчилик
Воғломо шўрва,Фақат пиёздан пишириладиган шўрва
Вожжиллама,Эзмалама
Воззиқ,"1.Қалин, юмшоқ ёстиқ 2.Қумда ўсадиган гиёҳ, тез ёнадиган ўтин"
Воққиллома,"Овозингни ўчир, гапираверма."
Воқрдоди,"Сув қаттиқ қайнаган вақти овози вақр- вақр қилиб чиқади, айниқса, темир чойнакда"
Воно-боно,У ёқ бу ёққа
Воплонг ер,Канал атрофларидаги қуриб қолган сув лойқаларидан тўкилиб юмшатилган дала
Ворсоқи гап,"Бекорчи, бўлмағур гап."
Вос-вос,"Эзма, бекор гапларни қайта-қайта гапириб, гапни чайнаб ўтирувчи."
Вохтинда галмадинг,Вақтида келмадинг.
Вохтихўш,Ҳурсанд
"Га, гал",Кел
Гавади,Келган эди
Гавар,Гавҳар
Гажхак,Қум билан охак ёки ганж аралаштириб қилинадиган сувоқ
Газарман,Кезиб юриб ном чиқарган
Газзик,Навбат
Галавар,Келавер
Галай-галай,Кел-келақол
Галамакан?,У ҳам келадими?
Галвадим,"Келдим, келгандим"
Галди-галмади,Бўлса-бўлмаса
Галди-галмади одам,Маълум фикри йўқ одам.
Галин,Келин
Галин бармоқ,Узумнинг чиройли келин бармоғига ўхшаш нави
Галинча,Келгунча
Галма (гама),Келма
Галмали- гетмали одам,Паришонхотир одам
Галмиман (галимман),"Келмайман. Ёш болага менга кел десангиз, галмиман, галимман деб жавоб қилади"
Галмин-галмин бир галибсиз,Келмай-келмай бир келибсиз
Галсам,Келсам
Гамираман сани,Сани еб ташиман деб болани сийлаш
Гамтик,Кемтик
Гамшик,Тишсиз
Гандимён (аслида Гандимкон),Қишлоқ номи. Қадимда ғалла кони маъносини англатган
"Гап кор атмаслик
(Санга ничча","1.Гап уқмаслик, гап таъсир қилмаслик ( Сенга қанча гапирсам ҳам гап таъсир қилмайди)."
Гап сотиб ўтирибмисла,Ўтган-кечган ҳақида ғийбат қилиб ўтирибсизларми (кўча бошида ўтирган аёлларга айтилаган)
Гаплаганни чўқиб олади,"Чўқиб олмоқ, охиригача эшитмай гапингга гап қайтаради"
Гапни камит,Гапни қисқа қил
Гапни кас,"Жим бўл, тўхта, гапирма."
Гапчи,Гап ташиб юрадиган киши
Гарак,Керак
"Гаракмас, гараксиз","Керакмас, кераксиз."
Гардиш,"Фалакни гардиши, тақдир"
Гаришиб ёп,"Қўлингни орқага чўзиб, қаттиқ ур."
Гаришмак,"Мушакларни ёзиб, қисқартириб чарчоқни ёзиш."
Гашир,Сабзи
Гаъма,Кема
Гежак,Жингалак
Гетжак,Кетмоқчи
Геч бўлди,Кеч бўлди
Геч ёқтилиқ,Кун ботгач кўришилганда саломлашиш пайтида айтиладиган турғун бирикма. “Хайрли тун” сўзи хайрлашиш пайтида айтилса “геч ёқтилиқ” турғун бирикмаси кўришиш пайтида айтилади.
Геч қолдим,"Кеч қолдим, кечикдим"
Гечи,Эчки
Гечмак,1.Сувни кечиб ўтиш. 2.Бировнинг қарзини кечиб юбориш.
Гизла,Яшир
Гизламак,"Бекитмоқ, яширмок"
Гизлан,Яширин
Гизланмажак,Бекинмачоқ
Гийиладўвин бирон нарса борми,"Кийиладиган бирон нарсанг борми, ҳаво совиб кетди"
Гийим,Кийим
Гийла,Гина
Гирмола,Девор сувоқига пардоз берувчи асбоб
Гоода,Гоҳида
"Гопора, (ёпора) одамлар",Айрим одамлар
Губурди,"Шовқин-сурон, мақтаниб гапирувчи одам."
Гувва,Шиддат билан
Гўвик,Суякни чайнаб бўладиган қисми
Гўжа,1. Қишлоқ номи. 2. Олхўрини бир тури. 3. Оқ жўхоридан қилинадиган ош.
Гужум,Нарвон дарахти. Хоразмда ҳовуз бўйларига экилади.
Гўз дикмак,Ҳасад қилмоқ
"Гўз ойдин, ойдинда бўлинг","Бола туғилганда қутлаб “гўз ойдин” дейилади, унга жавоб “ойдинда бўлинг” - ёруғликда бўлинг, раҳмат сизни ҳам етказсин, маъносида"
Гузак,Куз ойи
Гўзаллаб от,Яхшилаб нишонга олиб от
Гўззим,Кўзим
Гўзикмасин,Кўз тегмасин
Гўзли одам,Бир қарашда мақсадингни билиб оладиган одам
Гўзлибобо,Касалликни бир қарашдан биладиган донишманд отахон номидаги қабристон
Гўйдирги,Азоб берувчи
Гўйдирги бола,Ота-онани қийнаб юрадиган тартибсиз бола
Гўйик,Ноннинг куйган қисми
Гўйнакимни гийиз,Кўйлагимни кийгиз
Гўк,Кўк
Гўк барак,Кўк барак
Гўк дарак,Кўк терак
Гўк илдирма,Гўшт қиймалагичдан ўтказилган кўкка сариёғ қўшиб тайёрланган таом.
"Гўкариб чиқди, қўлим гўкарди.",Чимчилаган жойинг кўкариб чиқди
Гулдирмомо,Момоқалдироқ
Гулланбоғ,"Гуллар боғи, маҳалла номи."
Гулликчи,Кунлик мардикор
Гўллохда,"Гўрда, мозорда, йироқда, маъносини англатиб, бирор нарса ёки одамнинг йўқолиб қолишига кесатик қилиб айтилади."
Гулоби,Қовун нави
Гўмиб таша,Кўмиб ташла
Гумла,"Яшир (шундай яширки ҳеч ким тополмасин, маъносида)"
Гўмма,Ярим ой шаклидаги ачимаган хамир ва гўштдан тайёрланган гўмма (чебурек).
Гун ўтиб борётир,"Ҳаёт, умр ўтиб бормоқда"
Гун-аро,"Бир кун ўтиб бир кун (айрим ишлар бугун бажарилса, эртасига қилинмай индинга бажарилади)"
Гўналдим,Ёлчидим
Гунда,"1.Ҳар кун 2.Кундалик такрорланадиган мавзу ёки воқеа, ҳодиса."
Гунинг қурсин,Ҳаётинг қурсин
Гунойим,Айбим
Гунорта,Пешин
Гўнчи,Мол терисига ишлов берувчи
Гуп атиб йиқилди,Турган жойида тиккасига йиқилди
Гупир-пасир,Шарта йиқиб ташланган
Гуппи,"1.Пахталик фуфайка. 2.Семиз, бесўнақай."
Гўр,Мозор
Гўрашда ёғирни ерга тегмаган,Кураги ерга тегмаган полвон.
Гўрда,"Йироқда, номаълум жойда"
Гўрдиксиз,Очкўз
Гуржи ит,"Гавдаси кичик, йирик бўлмаган зотдор ёки зоти айниган ит."
"Гўримлик, ўлимлик.","Жуда кекса қариялар охирги йўлга кузатишда керак бўладиган нарсаларни ўзлари тайёрлаб қўядилар-шуни гўримлик, дейдилар. (бирданига оламдан ўтиб қолса фарзандлар қийналиб қолмасин деб кафанлик, игнасигача, бўйрагача, ғассолга ва бошқа хизматдагиларга бериладиган пулларгача тайёрлаб сандиққа солиб қўядилар, ҳатто қабирларини ҳам олдиндан қурдириб қўядилар)"
Гуринг,Суҳбат
Гўянда,"Бахши, ашулачи."
Ғадир-ғудир,Нотекис
Ғалат,Ёлғон
Ғализ,Бемаза одам
Ғижирди,Ғижирлаган овоз чиқди
Ғилчиқ,"Эзилган, ёпишқоқ лой"
Ғирч-ғирч,Ғирчиллаб овоз.
Ғирч-парч,"Кўп, тўлиб-тошган даражада, омбор тўла."
Ғирчиллама,Этикларни ғирчиллаб овоз берадиган қилиб тикилгани
Ғовуш,Маккажўхори ёки оқ жўхори пояси
Ғожир-ғужир,Тезлик билан бўлди. Иш жараёнида натижасида пайдо бўлган сўз. чиққан товушга тақлид қилиниши
Ғожирдама,"Яхши пишган тарвуз, бақувват одам."
Ғозовот,"Ғози обод канали, Абулғозихон томонидан қайта тикланган"
Ғойир,Ўжар
Ғолвир,Илма-тешик
Ғоли,Гилам
Ғолиз,Бемаза
Ғолло-ғош,Оворачилик
Ғолтинг,Ўнқир-чўнқир
Ғор,Фоҳиша
Ғор-ғоро,Томоқни чайиш.
Ғороз,1. Ғараз 2. Бировга нисбатан кек сақлаш
Ғорозгўй,"Кек сақлайдиган, нияти ёмон инсон."
Ғорсо,"Тез, дарҳол."
Ғорчли амрикон калиш,Эскида энг яхши калиш ҳисобланган
Ғосур-ғусур,Дарров
"Ғўв, ғў",Яхши
Ғўдолоқ,Семиз ва пакана одам
Ғўз,Ёнғоқ
Ғўлангир,Томнинг устига олинган сомонсиз лой қоплама.
Ғўр,Хом
Ғурпа,Семиз ўт
Ғўч йигит,"Абжир, бақувват йигит"
Ғўча поя,Пахтанинг пояси
Даварак,Теварак бўлиб ўтириш (айлана олиб)
Дават,Сиёхдон
Даёв,1. Барзангги одам 2. Қайиқни сувдан итариш учун таянч хода
Дак юри,"Тинч юри, жанжал қилма"
Дакки,"Тўсқинлик қилиш, бирон иш қилмоқчи бўлсанг бўлмағур баҳоналар билан ишга тўсқинлик қилиш."
Дакликда (дакликда галмиди),Шубҳасиз (келмаслиги шубҳасиз)
Дали,"Қўли, кўнгли очиқ инсон"
Дализ,Даҳлиз
Далинган,Жинни
Далладим,Терладим
даллатди,чарчатди
Далтак,Чўқмор
Дам   ол,Нафас ол
Дам солди,Табиблар томонидан беморларни даволаш усули.
"Даминг ичинга тушдими, гапир","Тилдан қолдингми, гапир"
Дамир йўл,Темир йўл
Дамратки,Темиратки
Дана,"Дон, уруғ"
Дандираб гетди,Тентираб кетди
Данжик,"Тартибсиз, ҳар нарсага хархаша қиладиган бола."
Дап,Тепиб юбор
Дапа,"Баландлик, тепалик."
Дапагурунг,Бекорчиликда гап сотиш.
Дапак,Тепағон.
дапалашма,бир неча кишиларнинг узаро муштлашиши
Дапсинма,"Тепсинма, ўз билганингни қиламан, деб чиранма."
Дарак,Терак
Даракли,"Тегишли, кимгадир суяниб иш қиладиган, фалончига қариндош."
Дарё,"Чилдирма, доира."
Дарёкаш,Доирачи
Дарёни чирт,Доирани (чилдирмани) чал.
Дарпанди палов,Куёв тўра хотинининг хомиласи тебранганда дўстларига берадиган зиёфат.
Дарпаниш,Қимирлаш
Дарра,"Қизларнинг рўмолидан эшилган қамчи, ўйин тури"
Дарс,Мол гўнги
Дасмоя,1. Устанинг асбоб ускуналари 2. Тадбиркорнинг айланма маблағи
Дастур,"Одат, қўлланма."
Деворда ҳавол қолган жой бор экан,Деворга ғишт ўрганда устанинг айби билан бўшлиқ қолиб кетган бўлишлиги холати.
Дейиб гетди,Тегиб кетди
Дейиш,"Дарё суви тошиб кетганда қирғоқларни емириб кетиши дейиш, дейилади"
Дейишма,1. Ҳазил (от) 2. Ҳазиллашма (феъл)
Дейма,Тегма
Дераварсин,Раҳматлик маъносини англатади. Марҳумларнинг исмига шу сўз қўшиб айтилади.
Деш,"Бирор бир нарсанинг устки, ташқи қисми. Масалан, китобнинг муқоваси."
Деш-даварак,Чор-атроф
Дешон қалъа,Қалъадан ташқари ҳудуд.
Дешон қалъа девори,Ташқари қалъа девори.
Дешон қалъада,Ичкари қалъадан ташқарида.
Дигиржак (дилжак),Ғилдирак
Диғириқ,Тор кўча (тупик)
Диди йўқ,"Дидсиз, ўзига ярашмайдиган кийим кияди"
Дидина мос,"Кўнглига мос келган, ўйлаган нарсани топган"
Диз,Тизза
"Дийма, дуйма.",Тугма
Дик,"1.Тик 2. Қотма, гапни тўғрисини айтиб қўяқоладиган одам 3. Симёғочни мана шу ерга дик, ўрнат маъносида. 4.Аниқ, муқаррар"
Дик ўласан,"Аниқ, муқаррар ўласан.Бир ураман аниқ ўласан."
Диккайиб ўл,"Иши юришиб, гердайиб, бошқаларни писанд қилмаган одамга монанд"
Дикма,"Гердайиб юрадиган, ҳеч ким билан ҳисоблашмайдиган одам."
Диқ,Тешикни бирон нарса билан бекит.
Диладим,Тиладим.
Дилай,Тилак
Дилай дила,Тилак тила
Дилдан қолғойсон,Гапиролмай қолгайсан (Сўкиш тури).
Дилик,Қовун тилими
Дилкор,Сувоқчи уста
Диллашмак,"Тил бириктириш, келишиб олиш, гапни бир жойдан чиқариш."
Дилмоч,Таржимон
Диловор,Гапга чечан
Дим,Жуда
Дим сара,Жуда яхши
Димиқдим,Ҳаво етишмай қолди
Дин,"Жим бўл, оғзингни юм, йиғлайверма."
Динг,"Устун, кунгура."
Дингнгисиз,Тиниб тинчимас
Диниқ,Тиниқ (шаффоф) сув.
Динор,Танга
Дираб қўй,Тираб қўй
Дирам,Пул
Дирдин,1.Озгина 2.Кичкина
Дири,Тирик
Дирноқ,Фундамент-пойдевор
Дислиқ. Дислиқ сочоқ.,Кир бўлиб кетган. Кир сочиқ.
Диш,Тиш
Диш чўп,Тишковлагич
Дишак,Тишсиз
Дия,Туя
Додимиди,Тарқатганда ҳаммага етмайдиган даражада оз.
Додимоқ,Етарли бўлмоқ
Додингни бераман,Дабдала қиламан
Додлама,"Бақир-чақир қилма, сасингни ўчир"
Додов,Оёққа туриш
"Дойғоқ, дойинжоқ",Сирпанчиқ
Дойи,Тоға
Дойиб гетди,Сирпаниб кетди
Дойинможоқ,Муз устида ўйналадиган ўйин тури
Дойирдома,Кеккаяверма
Доймоқ,Айтган гапидан ёки лафзидан кайтмоқ.
Долон,Уйнинг ичида кўчадан кираверишда жойлашган хоналар билан ўралган катта хол.
Долошмоқ,Талашмоқ
Домизлиқ,Қатиқ тайёрлаш учун сутга солинадиган озгина қатиқ
Домоқ (емак),Овқат
Домоқ ёғи,"Очофат, овқатдан бошқа нарсани ўйламайдиган одам"
Домоқсўв,Кўп овқат ейдиган одам
Домор,Томир
Домчи,Томчи
Домчилаб сувориш,Томчилаб суғориш
Донди,"Айтган гапидан ёки лафзидан қайтди. М:мен ундай деганим йўқ, деб туриб олди."
Дондингми?,Ваъдангдан қайтдингми?
Донилған одам,Донгдор одам
Донилғон,Обрў-эътиборли
Дониш (от),Таниш одам
Доғи,Ва бошқа
Доғла,Ёғни доғлаш
Доқмо,"Тақмоқ, ўз масъулиятини бировга юкловчи одам."
Дониш (феъл),Танишиб ол.
Донишим,Танишим.
Дори,Тариқ
Дорима,Бундан буён кўзимга кўринма
Доримоқ,Бир кўриниш бермоқ
Доронғи,Тўронғил
Досмол,"1. Қозон ювадиган сочиқ. 2. Лаганбардор (раҳбар нима гапирса тўғрими, нотўғрими маъқуллаб юрадиган одам)"
Дотмоқ,Татиб кўриш
Дош кўпир,Маҳалла номи. Тош кўприк маъносидан келиб чиққан.
Дош-дамир,Жуда қаттиқ
Доша гўкаради,"Гап таъсир қилмайдиган, ўз сўзидан қайтмайдиган одам."
Дошёқ,"Тош томон, шаҳардан четдаги жуда қаттиқ тупроқли ҳудуд."
Дошиб гетди,"Ариқни суви керагидан кўпайса ёп тошиб кетди, дейишади."
Дошқин бува,"Тўлиб тошиб кутиб оладиган қария. Дошқин бува деган қабристон, масжид ҳам бор."
Дошном,"Сени у қиламан, бу қиламан деб ўзини кучлироқ эканини билдириб қўйиш."
Дошоёқ,"Ариқнинг охири, оёқи (чегараси) тошли ерга боради."
Дошўвиз,Дошҳовуз –Туркманистондаги вилоят
Дубулға,Темир қалпоқ
Дўв,"1.Дев, 2.Барзанги одамларга нисбатан ишлатиладиган лақаб."
"Дўв, дап",Теп
Дувак,Боланинг бешикдаги туваги.
Дуваланг,Кучли шамол
Дўвиш,"Майдалаш, шоли янчиб гуруч қилиш."
Дувоқ,Қозон қопқоғи.
Дўвча,Ўрикни илк етишмаган меваси.
Дўғди,Кўзи ёриди.
Дўғма,Биринчи ўғил бола
Дўғра,Гўштни тўғра
Дўғри,Тўғри
Дўғромо,Майдалаб пиширилган гўшт
Дуд,Тутун
Дуд палакдан,"Базмни қизиб кетган даври, дастурхон тўлиб тошган"
Дўдди,Фаҳм-фаросатсиз
Дудик,Баҳорда дарахт новдасидан пайванд қилиш ёки болаларга хуштак учун ажратиб олинган пўстлоғи.
Дўдоқ,Лаб
Дудола,Нима қилишини билмай хаёл суриш холати
Дудут,Машина (бола тилидан)
Дуз,Туз
Дузи камис,Тузи кам
Дузик,"Тузик, яхши"
Дузнамак,"Дастурхон атрофида бирга нон-туз ейиш. Айрим кўнглига ёкмайдиган одамларга нисбатан, сен билан дузнамак бўлмайман, дейилади"
Дуй,"Туг, маҳкам боғла."
Дуйдириб қўй,Кимлигимни секин билдириб қўй.
Дуйилмак,Овқатга тиқилиб қолмоқ
Дуйинжик,"Тугун, бўхчама."
Дуймоқ,Сезмоқ
Дуйнак,Хом қовун
Дўк,Тўк
Дукорт (Гурлан тумани),Қайчи
Дул,Бева
Дўла,Чайла
Дўладўқ,Тўладан келган одам
Дўлдириб қуй,Тўлатиб қуй
Дўли,"Тўла, кўп"
Дўли,"Жуда кичкина идиш. Масалан, машинага мой қуйиш учун ишлатиладиган идиш"
Дўлишмоқ,"Етилмоқ, семира бошлаган"
Дулли душдан,Чор тарафдан
"Дум думалоқ-бузмоғонни
оёқи чўлоқ",Болалар ерга чизиб ёки лойдан ясаб ўйнайдиган ўйин тури.
Дум ўтиштирдинг,Жуда ошириб юбординг
Дўмбўйин,Ишёқмас
Думон,Дуд.
Дўн,Тўн
Дўнак,Бир сўзда турмайдиган одам.
Дўнгдим,Совуқ қотдим
Дўнгиз,"Тўнғиз, чўчқа."
Дўнгмоқ,Совуқ қотмоқ
Дўндирма,"Болалар ўйини, танга ёки форфор идиш синиғини яна биттаси билан уриб тўнтариш"
Дуниб ўтирибди,Ўз хаёли билан банд бўлиб ўтирибди.
Дунма. Дунмада ўтирибди.,Ҳеч нарсага эътибор бермасдан хаёл суриб қолиш.Ўз хаёли билан банд бўлиб ўтирибди.
Дўнмак,"Бир шаклдан бошқа шаклга кириш, айланиш, бир гапни бошқача гапга айлантириш"
Дўнмас,"Гапда енгиб бўлмас, бақувват, бир сўзда турувчи"
Дунук,"Дарча, туйник"
Дур,Тўхта
"Дўрамак. Сан нердан
дўрагансан.","Яралмоқ, туғилмоқ.Сан нега бундай яралгансан, туғилгансан."
Дурвадик,Гаплашиб тургандик
Дурдивой (исм),Турдибой (исм)
Дуришино қоро.,Туришини кўр.
Дуришта,"Хашак билан кунжара, кепак аралаштириб тайёрланган мол еми."
Дурма берда,Бу ерда турма
Дурмоқ,Тўхтамоқ
Дуртиб ювар,Туртиб қўй
Дуртки,Туртки
Дўсоқ,Ҳурматга лойиқ кўрилмайдиган таниш- билиш.
Дўхтир,Доктор
Душ,Рўпара
Душ,"Томон, тараф."
Дўш,"Қуш кўкраги, тўши."
Душ томона,Хоҳлаган томона
Дўша,Ёз. Полга гилам ёз.
"Дўшай, дўшама","Полга, ерга тўшаладиган гилам, поёндоз, кигиз ва бошқа"
Дўшалаварма,Ўзингни оёқ ости қилма
Дўшалмак,"Ялинмоқ, бировни олдида ўзини оёқ ости қилмоқ, камситилишга рози бўлмоқ."
Душгалди,"Олдимдан чиқиб қолди, учратиб қолдим"
Дўшиб чиқсин,Тешиб чиқсин (сўкиш)
Дўшик,Тешик
Душинда Ўйни душинда.,Рўпарасида. Уйнинг рўпарасида
Дуюн,Бирор бир юзада туртиб чиққан жой
Дўғғаним,"Қадрдоним, бирга туғишганим, яқин одамим."
Дўқима,"Бекор гап, тўқима гап."
Дўқима гап,Ўйлаб топилган гап
Дўқима гаппингни қўй,"Гапни опқочма, гапнам ҳам жуда ошириб юборасан"
Едди гўримингни гўргайсан,"Етти кафанингни кўргайсан, деб сўкишни бир тури"
"Езда
(Ҳазораспда ишлатилади)","Куёв, почча"
Ейилиб ёзилган оила,"Ўзига тўқ, серфарзанд, пиру бадавлат, маҳаллада ибратли оила"
Ейма,"Асосан, болани ўраш ёки кўрпа-тўшакни ёпиб қўйиш учун ишлатиладиган юпқа кўрпа."
Екан,Якан – кўлларда ўсадиган ўсимлик.
Елвираш,Ҳилпираш
Енга,Келинойи
"Енгса, енглик",Нон ёпганда ишлатиладиган қўлқоп ва билак ёпинчиғи.
Ер қири,"Жуда кўп, мўл."
Ер тути,Қулупнай
Етар-етмас (оила),Камбағал (оила)
Ё,Ёки
Ё вонли ё бонли,У ёқли ё бу ёқли.
Ё пирим,"Курашчилар Паҳлавон Маҳмудни ўзи қўлласин, деб шеригини ағдариб уради"
Ёвлиқ,1.Еттинчи авлод зурриёд. Бу зурриёдлар бир-бирини танимасдан бир бирига ёв бўлиб қолиши мумкин.
Ёвлоқ,"Тинч кенглик, дала."
Ёво,Паншаҳа
Ёвон,Қишлоқ
Ёвонли,Қишлоқи
Ёғи,Душман
Ёғирни,Яғрин
"Ёғиш, ёғмур, ёмғур",Ёмғир
Ёғлов,"Ёғ куйдирадиган қозон, товон."
Ёдима сол,Эслатиб қўй
Ёзғит,Тақдир
Ёздир,"1.Еч, 2. Ашуллани авжига чиқар маъносида."
Ёзин бўйи,Ёз фаслининг охиригача
Ёзлиқ,Эрта пишар буғдой
Ёзмак,Ёймоқ
"Ёқ (Гурлан ва Янгибозор
туманларида)",Йўқ
Ёқмос,Одати паст
Ёқоломоқ,1. Бирор нима бўйлаб (ариқ қирғоғидан) юриш. 2. Ўжарлик билан кимдандир ниманидир талаб қилмоқ.
Ёқолош,Жанжал
Ёқолошиш,Уришмоқ
Ёқти,Ёруғ
Ёқти дунёга чиқдими?,"Фарзанд соғ-омон туғилдими, онаси яхшими? деб сўралгани."
Ёла галган,"Сигир, ит ёки бошқа бир урғочи ҳайвоннинг куйга келиши"
Ёлаза,"Шамол эсиб турадиган ҳудуд, майдон"
Ёлинг,Олов тафти
Ёлмонбой,Жуда уддабурон
Ёлмонтака,Очкўз
Ёлоғой,Одамлар билан тез тил топиша оладиган одам
Ёлоқ,Итга овқат бериладиган идиш
Ёлпиллаб гетибсиз.,"Юзи тўлишиб, ялтираб кетибди, қизларга нисбатан айтиладиган мақтов."
Ёлпошғон,"Эзилиб кетган, букланиб қолган."
Ём,"Чоҳ, чуқурча"
Ёмоқ,Ямоқ
Ёмон бола,"Гоҳида ҳазиллашиб, тўғри сўзли, ақлли болаларга баҳо бериладиган сўз"
Ёмпиқ,Бирор бир қийшайган юза.
Ёнгазиқ,Эшик роми
Ёнгошқадан,"Қайтадан, бошдан"
Ёнқи,Бояги
Ёп,1. Канал 2. Ур
Ёпдингми,1. Тандирда нон ёпиб қўйдингми 2. Урдингми
Ёпиштир,Уриб ташла
Ёр,Арра билан кес
Ёрғи,Икки киши ишлатадиган икки дастали арра
"Ёрқач (Гурлан,
Янгибозор
туманларида), ёрчиқ (Хивада)",Ёғочнинг тикондан катта бўлаги.
Ёроғ,Қурол
Ёт,Бегона
Ётиринг,Ётқизинг
Ётлиқ,"Шажарада олтинчи авлод, ёт бўлиб кетар экан, биринчи авлодларни кўп ҳолларда танимайди"
Ётоқ тўппи,Тунда кийиб ётиладиган дўппи
Ёшарди,"1. Инсон кўнгли кўтарилганда, ҳурсандчи-ликдан юз-кўзи ёришиб, яшариб кетганга ўхшайди. 2. Кўзи ёшланди."
Жаймақ (донмоқ),"Айтган гапидан ёки лабзидан кайтмоқ, мен ундай деганим йўқ деб туриб олиш"
Жайхун,Амударё
Жаммоб,Ипак мато тўқувчи. Муаллифнинг катта бобоси жаммоб бўлган.
Жаназак,Жонсиз
Жаназак бола,Қуввати йўқ бола
Жангли,Овоз чиқариб учадиган варрак
Жежай,"Болага олиб келинган буюм ёки ўйинчоқни, сенга жежай олиб келдим дейилади"
Жез,Мис
Жибиқ,"Кўзи касал, ёшланиб юрадиган киши."
Жигилдак,Жийданинг жуда майда эти кам ёввойи тури.
"Жиғ атди, юраги жиғлади",Ёқтириб қолди. Қиз болани биринчи кўришданоқ ёқтириб қолганда айтилади
Жиға,Қизларнинг бош кийими безаги (товус пати)
Жиғлади,"Чойнакни қара қайнаганга ўхшайди, жиғлаб овоз бериб турибди"
Жиззиқ,Жизза
Жиззиқинга дейдими?,Нафсониятингга тегдими?
Жик,"Боладан яшириниб, у топаолмаса жик деб кўриниш берилади"
"Жиқ, жийқ.",Пахта толасини чигитдан ажратувчи ускуна.
Жиққа,Хўл
Жил,Юпқа қилиб ёйилган хамир
Жилам-жилам,Йиртилиб-сўкилиб афтодаси чиқиб қолган кийим
Жилли,Жинни
Жилоши,"Хамир овқат, хамирни лағмонга ўхшатиб тайёрлаб пишириладиган суюқ ош (уноши)"
Жимси,"Ҳар нарсадан шубҳаланувчи, майда гап, эзма одам."
Жинг-жинг,Жонга тегадиган паст овозли киши
Жинқирама,Безовта бўлаверма
Жиннақдин,Озгина
Жир,Можоро
Жирвиқ,Одобсиз
Жирқи,Этикнинг ғирчиллаши
Жирпилдомоқ,"Эркаланиш, ёки бир жойда туролмай ўзини кўрсатишга ҳаракат қилиш"
Жирчи,Жанжалкаш
Жой сол,Ётадиган жойни тайёрла
Жойига тушибди,"Бирон киши раҳбар қилиб тайинланганда, у барчага маъқул келса-ўрнига тушибди, яъни тўғри танланибди дейилади"
Жоқой,Улфатларнинг бошини бириктириб зиёфатлар ташкил қилиб юрадиган одам.
Жоллимисан,Жонинг борми деган маънони англатади
Жом,Мис коса
Жони ичина сиғмиди,"Аччиғи чиққан, жаҳли тушмаётган киши"
Жони сўвил,Машаққатларга бардошли одам
Жониқиш.,"Нимагадир, қаергадир қаттиқ шошилмоқ."
Жониқмоқ,Қаттиқ шошилмоқ
Жонимни ёқмо,Аччиғимни чиқарма
Жонимни жабборга бериб,Ишласам жонимни Жабборга (Худога) бериб астойдил ишлайман
Жонли,1. Зўр. 2. Бозорга бориб қурбонликка бирон жонли (қорамол ёки қўй) олиб кел
Жонли,Зўр
Жонсиз,Заиф
Жонузоқи,"Касалманд одам, шу ҳолда узоққа бормайди"
Жор солмоқ гаракмиди,"Иш битмай туриб, ишни натижаси ҳақида ҳаммага эълон қилиш керакмас."
Жотир-жутир,Бирдан бирор бир матонинг йиртилиб ёки тикинидан сўкилиб кетиши
Жубба,Ёш болалар пахтали кўйлаги
Жўвирта,Атайин
Жўвирта галдим,Атайлаб сизни кўриш учун келдим
Жувойи,Жуфти
Жувоннамак,Безовта қилувчи ёш болаларга нисбатан айтиладиган койишни тури.
Жугур,Учли тош
Жўжиқ,"Ёш болани зўр боласан, деб суядилар."
Жўйи,"Айёр, лўли, алдоқчи."
Жўққи,Мақтанчоқ
Жумалак,"Қизларни тор-тор қилиб эшилган сочи, қокилчаси"
Жумёз,Жуманиёз
Жундик,1. Болалар лаби 2. Жўмрак
Жупла,Бопла
Жупладим,Бопладим
Жупламак,Чув туширмоқ
Журён,Қишлоқ номи
Жўроп,Пайпоқ
Журра,Ўсмай қолган одам
Журрик,Пишмаган қовун
Журшик (журтик),Жуда майда
"Жўш (феъл
буйруқ майли)",Меҳмон қил.
Жўшмачи,"Қўли очиқ, саҳий"
Жуян,Оқ жўҳори
Забирдовуқ,"Чаққон, тез юрадиган."
Завол бўлмасин,Ҳеч ким бевақт ўтиб кетмасин
Зақирдат,"Тезлат, чаққонлаштир"
Заққум,"Заҳар, ўта аччиқ."
Замбар,Замбил
Замориқ,Қўзиқорин
Занг қот,Жим тур
Занги,1. Нарвон 2. Майитни ётқизиб қабристонга олиб борадиган тобут.
Зангнгар,"1. Болаларга нисбатан мақтов ёки койийдиган сўз, ҳа сани зангнгар, нима қилиб қўйдинг"
Зар,Заҳар
Заранг,"Қаттиқ, муздек қотиб қолган"
Зарли илон,Заҳарли илон
Затарак атди,Қийнаб юборди
Захак,Муғомбир
Заҳмат,"Меҳнат, азоб чекиш."
Зейсув,Ер ости суви
Зигирик,Мол думғазаси
Зиёга чиқади,Зое кетади
Зил,Оғир
Зинг,"1. Улоқтир 2. Югур, тез қоч"
Зингилламоқ,Хиргойи қилмоқ
Зингловуқ,Сариқ рангли ари
Зингнгит,Улоқтир
Зинқилдамоқ,"Боланинг инжиқлик қилиб, тўхтаб тўхтаб йиғлаши."
Зипла,Кўринмай қоч
Зиптирим,Ёпишқоқ модда
Зир-зир,Ич кетиши
Зирриқ,"Нажас, мол чиқиндиси"
Зиртиқ,Вазелин
Зиҳна,Зиқна
Зоволо,Зувала
"Зоғ (Пахта зоғ бўлиб
очилибди)",Лўпи-лўппи. Масалан: Пахта барқ уриб очилибди.
Зоғора,Оқ жўхори унидан қилинган булка-нон
Зомча,Ҳандалак
Зонди,Авлоди
Зондингни айт,"Кимлардан бўласан, сулолангни гапириб бер (ота –онанг, боболаринг кимлар, деб суриштирилади)"
Зорт,Инсон танасидан қаттиқ ел чиқиши
Зувлаб гетди,Тезлашиб кетди (югуриб кетди)
Зўқоқ,Баланд бўйли
Зумакон,"Зимистон, ўта қоронғи жой."
Зўрдан галдим,"Йўллар ёмон экан зўрға етиб келдим,"
Зўрдан ўтдим,"Зўрға ўтдим, туйнук тор экан"
Зўрриқ,"1. Узунчоқ пиёз 2. Шишиб, бўртиб чиққан жой"
Иби,Ҳов
Ибии,"Фалончи оламдан ўтибди деган хабарни эшитиб, иби нима бўлибди, билмай қолибман, яхшигина юргандику, жойлари жаннатда бўлсин, хайратланиш"
Ибияй,Ҳов-ҳов
Ива,Ҳўл
Ида,Жийда
Идагул,1.Жийда гули. 2. Қовун нави.
Идилли,Рисоладагидек
"Ижжон, этжон","1. Ошпичоқ билан майда қилиб чопиб, пиёз ва зироворлар аралаштирилган хом гўшт 2. Қийма гўшт"
Изғор,"Хўл, намланган."
Изғор бериш,"Чигит экилгандан кейин шу ҳудудда ер ости суви сатҳини кўтариш (чигит экишда ер қуруқ бўлса, яъни экиш вақтини ўтказиб юборилиб кеч экилган дала бўлса, атрофидаги захкашларни бир қисмини, оёқ томонини кўмиб, сув сатхини кўтариш, шунда нам юқорига кўтарилади)"
Изи ким?,Кейингиси ким (навбатда туриш учун сўралади) ?
Ийи тутди,Тўлғоқ тутди
Ийқ,"Сув оқими, ариқни сокин оқадиган жойи."
Ийри,"Йирик, йўғон"
Икки буклан,Боши билан оёғини бир ерга келтириб букилиш
"Ил(феъл буйруқ
майли)",Қулфла
Илгак,"1.Кийим осиб қўядиган мослама, вешалка 2.Қудуқдан сув олиш учун челакни маҳкамлайдиган илгак"
Илдила,Уйни кулфладилар
Иққиллдовиқ,Ҳиқичоқ
Илдир,Илиб қўй
Илдирма,Кўк гўмма пиширганда. Олдиндан чопқиланиб эзилган кўкка сарёғ қўшиб ейилади. Гўштдан қилинган ижжон каби
Илик,Қулфланган
Илимоқ,Ён босмоқ
"Илки, узумни илки","Илк, узумни илкини (эндигина пишганини Шаҳризода еб кетди)"
Иллат,Офат (касалликка оид)
Илма,Эшикни қулфлама
Илойим,"1. Баттар бўл 2. Худоё, илоҳим"
Илон ёстиқи,Дарахтларнинг илдизини ейдиган зараркунанда ҳашорат
Им-симда бажар,Ҳеч кимга билдирмай бажар
Имакламоқ,Эмакламоқ
Имиқ жой,"Иссиққина, шамолдан пана жой."
Имиқ зиёфат,Оз кишилик зиёфат
Имр думон,"Тўс тўполон, ҳамма ёқ дам олиб бўлмас тутун бўлиб кетди"
Имсим,Билдирмасдан
Ина,Мана
Индавак,Маҳалла номи
Индамас,"Овоз чиқармай келиб чақадган пашша (чивин). Аслида пашшалар зинглаб келишади, чақишга келаётганидан огоҳ қилади"
Инди,Энди
Инди сўлла,Энди гапир
Инжитма,Ҳафа қилма
Ини,1. Оға ини
Инна,"Нина, игна"
Иноби,Манабу
Инон,Ишон
Инончли,Ишончли
Интиқмоқ,Интизор бўлмоқ
Ирғанаварма,Қимирлайверма
Ирдимзон,Маҳалла номи
Иринг,Йиринг
Иркилибман,"Сал уйқуга кетибман, уйқуга кетганимни билмай қолибман, жуда қисқа муддатда уйқуга кетган. Кўзим иркилган экан, келганингни билмай қолибман"
Исвант,Исириқ
Исирға,Сирға
Иситма,Касал тури
Иски пасод,Тўс-тўполон
Исқирт,Зиқна
Исмомутдан ис чиқса ҳозиру-нозир,"Пайғамбаримиз Мухаммад Алайҳиссалом даврида мусулмонликни тарғибот қилиб келган Исмомут ота Хоразмда қолиб кетган. Унинг қабри Хивадан ана узоқда бўлгани учун шунчалик узоқликда овқат пиширилаётган бўлсада, шуни ҳам ҳидидан билади, бу инсон деб, қаерда овқат пишса шу ерда асалому алайкум деб кириб келаверадиган одамни лақаби."
Исоп,Қойил қолмоқ
Испиқилонт,Чайқовчи
Истамак,"Хоҳламоқ, соғинмоқ"
Истисқо,"Инжиқ, нозик одам."
Ит мути,Сув текин маъносини англатади. Ибора- нинг келиб чиқиши: Ит ҳаром қилинган жонивор бўлганлиги учун қадимда уни сотиб даромад қилишни одамлар ўзларига эп кўришмаган. Шунинг ит бировга текин берилган.
Италаб ювар (машинни),Итариб юбор (машинани)
Итдирсак,"Говмичча, говмижжа, кўз қовоғига чиқадиган йирингли чипқон."
Итизға,"Ярамас одам, қаерга борса шу ерда тинчлик бузилади."
Итоғиз,Оғзидан яхши гап чиқмайдиган одам
Итошиқидин,Жуда ориқ одам
Итчивин,Бўка
"Ихии, оёқ олишинг бошқача кўринади","Эхээ, хатти–харакатинг бошқача кўринади, мансабда кўтарилиб, кеккайиб келганга нисбат"
Ич,Қорин
Ич гўйнак,Ётишда киядиган куйлак
Ичи ўтибди,Ич кетган (диарея)
Ичикиб кулиш,Ичак узиладиган даражада кулиш
Ичим ўвишди,Раҳмим келди
Ичон,"Ичкари, ички"
Ичон қалъа,Ичкари қалъа
Ичонни қороб чиқ,Ичкарини қараб кўр
Иш мактаби,"Меҳнат мактаби, ишлаб ўқийдиганлар учун мактаб"
Ишвалак,Хуштак
Ишқи печак,"Қўй яхши кўрадиган ўт, атрофида тик ўсадиган қандай ўсимликми, ўтми бўлса уларга ишқи кетиб ўралиб ўсадиган печак ўт. Қизиғи шундаки, қанчалик ўралсада бирон марта япроқга зарар етказмай тепага юраверади."
Ишқир,Иштон боғи
Иштай,Иштаҳа
Ишундат,Мана шундай қил
Ия,"1. Эга. 2. Оилада ўзидан кичикларни ия дейишган. Бизнинг фикримизча катталар қариб қолганда улар ўзидан кичикларни қаромиғида бўладилар, демак у эртага бизга эгалик қилади деган маънони билдирган. Катталарга, ёш гўдаклар сенинг иянг бўлади деб тушунтиришган."
Йигит енгнор,Тўйдан бир кун олдин куёв жўралар учун зиёфат.
Йиғиржиқлан- моқ,"Истар истамаслик, нохуш аҳволдаги холат"
Йийман сани,"Сени еб қўяман, деб болани эркалаш."
Йилвўй,Ялпиз
Йилғин,Юлғун
Йилдам,"Кучли, тез оқадиган сув."
Йилдирим,1.Чақмоқ. 2.Чаққон одамга нисбатан ҳам ишлатилади.
Йилиб кетди (қўлдан),Сирғаниб тушиб кетди
Йилимжи,Лаганбардор
Йилимтиқ,Бемаза
Йилиш,Сурил
Йилма,Силлиқ
Йилмовиқ,Жуда текисланган
"Йилмола, гирмола",Сувоқни силлиқлайдиган асбоб.
Йилпиш,Тилёғлама
"Йимолондим йимоқ топдим, йимоқни ичиндан тароқ
топдим.",Болалар ўйини тури.
Йип,Нозик арқонча
Йип бўл,Жим бўл
Йўғич,"Жўва, хамирни ёйиш учун ишлатиладиган буюм."
Йўл усти,Йўл-йўлакай
Йўла солиб бўлмади,"Бу одамни тарбиялаб бўлмади, тўғри йўлга тушмади."
Йўлворс,Йўлбарс
Йўлиқтирмоқ,Учратмоқ
Йўллиқ,Сафарга кетадиганларга бериладиган пул
йумирта барак,тухумдан чучвара
Йўнғичқа,Қуруқ беда
Йўниғчи,Дурадгор уста
Йўнқа,Жуда майда ўтин
Йўрға от,Текис юрадиган от
Йўринжа,Беда
Кабза,Курак суяги
Кавоп бўл,"Кабоб бўлгайсан, сўкишни бир тури, куйиб ўлгайсан дегани"
Кади,1. Қовоқ
Каж,Ўжар
Кайвони,"Оқила, бошқаларга ибрат бўладиган, ҳаммага сўзи ўтадиган обрўли аёл."
Калаваранг,Фикри жойда бўлмаган одам
Калак,"Чўнтиқ, сочи текис ўсмаган."
Калаки,Шохсиз қўчқор.
Калантар,"1.Лангар, ўзаро муаммоларни ечувчи. 2.Икки челак сувни елкада кўтариш учун ёғоч баркаш."
Калантар,"Маълум худудда, айрим соҳаларда муаммоларни ечимини топувчи, маслахатчи, тўғри йўлга бошловчи, етакчи. Катта бобомиз Мадали жаммоб, тарихий китобларда баён қилинганига қараганда Хивадаги тўқувчиларнинг калантари бўлиб танилган."
Калла бошоёқ,Калла-поча
Калла пишдими?,Яхши ухладингми?
Каллак урмоқ,Мевали дарахтни пайвандлаш ёки умрини узайтириш учун устки қисмини кесиб ташлаш.
Каллақанд,Катта муштдек оқ қанд
Калланг қурғой,Эсинг қурсин.
Калланг нерда,"Калланг жойидами, миянг борми"
"Калланга
сингдириб ол",Миянга қуйиб ол
Калланга қуйиб ол,Яхшилаб тушуниб ол
Калласиз,"Миясиз, ақлсиз"
Кало аттим,Боқиб тарбиялаб вояга етказдим
Кало бўлди,Вояга етди
Каловзан,Бесўнақай
Калтаминор,1.Маҳалла номи. 2. Хивадаги битмай қолган кўк минора
Калтикалос,Калтакесак
Калчик,Тили чучук одам
Камзул,Костюм
Камис,"Кам мол, ками бор иш, кам-кўстли"
Кангширик,Ҳалқум
Кант,Қишлоқ маркази
Капак,1. Ун кепаги 2. Сани қилган ишинг бир тийин
"Капди (Ҳазорасп
тумани),   кўвди (Гурлан тумани)",Қуриди
Капинли сим,Ток ўтмайдиган резина билан қопланган электр сими
Капкир,Капгир
Каппон,"А. Навоийнинг Садди Искандарий асарида талқин қилинганига қараганда бу сўз ҳозирги стандарт сўзини билдиради, луғатда омборхона деб тушунтирилади, халқ тилида тарозибон деб айтилади. Искандар тахтга ўтирганда биринчи галда адолатни ўрнатди, тарозини тузатди, тошини темирдан қилди ва мухрлади, ҳамда шу тариқа каппонни кашф килди дейди. Демак ""каппон"" ҳозирги ""стандарт"" сўзига тўғри келади"
Каптархона,1.Маҳалла номи 2.Каптарлар сақланадиган жой
Капча,"Кесадиган қисми жуда кескир ишланган узун дастали белкуракнинг бир тури. Асосан пахса девор қуришда ишлатилади, капчачи лойни шундай кесадики, неча марта кесса ҳам бир хилда капча энига ва бўйига тенг бўлади."
Карвуч,Ғишт
Карсан,Чуқур ёғоч товоқ
Кас,"Гапни камайтир, гапни тўхтат"
Каса,Кўндаланг
Каса чиққинжи,Кўзда тутилмаган харажат
Каса чиқма,Менга рўбаро бўлма
Касик,Кесилган
Касма,1. Кесма 2. Бир бўлак гўшт
Кат,"Шаҳарча, қўрғон"
Катён,Кўл-чўлларда ўсадиган тиканли ўт
Катман,Кетмон
Катхудо,Обрўли инсон
Кашшоф,Пионер
Кейинга бостир,Орқага ҳайда
Кейни,Охири
Кийиз,"Жундан босилган кигиз (кигиз тўқилмайди, жунни босиб бирлаштирилади)"
Килит,Калит
Кин сақламақ,Гина-қудрат сақламоқ
Кипр,Дарвозабон (футбол ўйинида)
Кириш,Қовун тилими
Кирмонингни,Қадди бўйингни
Кирпи,Типратикон
Кирпик,Киприк
Кирсовин,Ҳамма нарсани ёмон томонига эътибор қаратувчи одам
Киса,"Кисса, чўнтак."
Киччи,Кичик
Кишмиш,Шибирғони узумдан қилинадиган майиз
Кишт,"Товуқ, қушларни ҳайдаш, қувиш."
клтирик,озгин
Кон,Кўп
Коса,"1. Пиёла 2. Қовунни уч қисмга тенг бўлиб (гурвак бўлса иккига бўлиб) пўчоққа яқин жойидан кесиб ажратилади ва бўлакларга бўлинади, бу коса идишда тургандай бўлади, шуни бир коса қовун дейдилар."
Кўвиш,Елим калиш
Кўвламоқ,Ковламоқ
Кўвсан,"Ҳосилдан қариндош-уруғ, қўшниларга ҳадя сифатида бериладиган улуш."
Кулангги,Урушқоқ хўроз зоти
Кўлик (Гурлан т.),Улов
Култа,"Боғлам ( Беда, жўхори, гўзапоя боғламларига нисбатан ишлатилади)"
Кўлча,Ерни суғоришда олинадиган кичик майдончалар.
Кулча-қатлама,Тўйдан олдин келин томонга олиб бориладиган нон-патирлар.
Кума,Ер-тўла
Кўмач,Ачимаган хамирдан товада пиёз қўшиб пиширилган нон
Кўнглим дўқ,Кўнглим тинч
"Кўнглинга
дуйганинг боми?","Йигитга, қиз танлашдан олдин бериладиган савол: кўз остингга олиб қўйганинг борми?"
Кунда,1.Омоч 2.Ҳар куни
Кўп вах бўлди гўринмисан,Кўпдан бери кўринмай қолдинг
Кўп вах бўлди лойли сува тушмадик,Кўпдан бери лойқа сувга чўмилмадик
Купи,Айрон тайёрлашда ишлатиладиган узун бўйли идиш (сапо ёки ёғоч идиш)
Кўпир,Кўприк
Кўписини билмисан,Кўп гаплардан ҳабаринг йўқ
Кўпчин,Диван устига қопланган пружинали тўшама
Кўрак,Ғўза кўсаги
Курамоқ,Қазимоқ.
Курвит,Гугурт
Кўрик,"1.Темирчини ўт ёқадиган жойи, ҳаво пуфлагичи."
Курмасичон,Каламуш
кўрпача),"яратилган матодан қуроқ кўрпача янги оилага берилади. Мана шундай майда ишлардан бошлаб оила қуралиб, ўзига тўқ бўлиб кетсин, деб дуо қилинади."
Курра,Хўтик
Курта,Ёш болалар пахталик кўйлаги
Кўс,Қийшиқ
Кўтка,Кўл қамишларини ўриб олганда тагида қоладиган қисми
Кўшаяна,Гўшангга
Лаблаби,Лавлаги
Лавант,"Дангаса, ишёқмас, ландовур, қўлидан иш келмайдиган одам"
Лавоп коса,Коса
Лайлак,Тутуриқсиз одам
Лакки,Кичик товоқча
Лали,"Чуқур бўлмаган катта тавоқ, патнис"
Лангар,Дарвоз мувозанат сақлаш учун ишлатадиган хода
Лангнги,Ланка
Лапа,"Хат жўнатадиган, қоғоздан қилинган хат жойлаштирилиб, ёпиб клейланадиган юмоқ, конверт"
Лапар,1.Қадимда аёллар бош кийимига тақиб қўйиладиган тешикли кумуш танга. 2.Ялла қўшиқ
Лаппас,Тепса тебранмас
Лаппас,Тепса тебранмас
Лечак,Капмирлар бошига ўрайдиган узун рўмол
"Лечак, лачак",Кампирлар бошига бир неча қат қилиб ўрайдиган рўмол
Ликув,Ликопча
Ловя,Ловия
Лоқирдомо (Феъл буйруқ м.),"Тинч ўтир, бекорга гапириб орага суқилма."
Лоққи,Маҳмадона
Лоқо-лоқ бўлибди,"Арава ғилдирагини айланадиган жойи ейилиб кетиб лоқолоқ бўлиб қолиб, арава ғилдираги ҳар томонга буралиб лоқ-лоқ этиб овоз чиқариб бораётгани"
Лол бўл,Оғзингни юм
Лолазор,Кўл атрофида ботқоқликда бунёд бўлган маҳалла номи
Лоп урмо,Ёлғонни ошириб юборма.
Лопи каж бўлди,Ҳафсаласи пир бўлди
Лоплоб ёнади,Гурлаб ёнади
Лопломо,1.Тўқ қизил алвон 2. Жаҳли бурнининг учида турадиган одам
Лоппо,Кимгадир ниманидир қилишни буюрганда: “Лоппа ўзинг қил ” - деган жавоб берилади
Лўббон,Йирик гавдали одам
Лўзина,Миллий ширинлик
Лук,Палағда товуқ тухуми
Лукча,Яхлит
Лўққи,Йирик
Луқма,Овқат
Лунгги,Ёғ артиш учун сочиқ
Лўнгнгир,Семиз
Лўнж,Лаб
Луплатиб,Тўлдириб бир коса сув бер
Лўтра,Суюқлик солинган идишда қолган чўкма
Мадали шоҳиси,"Мадали тўқиган шойи-атлас чет элларга чиқарилган, талаб катта бўлган, оддий шойи демасдан, нархини ошириб, сифатини улуғлаб, бу калантар Мадали жаммобни тўқиган шоҳиси дейишган"
Мадрап,Ҳожатхона
Маззапсиз,Ўз фикрида қатъий турмайдиган одам
Майда ситқадан ўтир,Майда тешикли чўмичдан ўтказ
Маллак,"Бировни номига беркитилган экин майдони, томорқа ери."
Мама,"Эмизикли бола тилидан онасининг кўкси, кўкраги"
Мамла,Муомала
"Манга га, хўп (ўпп) атаман","Менга кел сени кўтариб юраман, болага нисбатан айтилади"
Манглай,Пешона
Манглайи қора,Манглайи шўр
Манжашмак,"Жанжаллашмоқ, айтишмоқ, баҳслашмоқ."
Манот,1. Пул бирлиги 2. Кумуш танга
Маска,Узум нави
Масси,Махси
Масси кўвиш,Махси калиш
Маттал атмак,Кимнидир муҳтож қилиш
Маттал бўлиш,Кимгадир муҳтож бўлиш
Машинчи,Тикувчи
Маъзи,Бекорга
Межана,Ўрик данаги
Мейин,Мия
Меймон,Меҳмон
"Мейни
чайилган","Мияси қўзғалган, айниган, мияси бузуқ"
Мейнимни чақиб ичди,Кўп гапириб мияни чалғитган одамга нисбат
Меҳтар,Қўриқчи
Мечит,Масжид
Мижжи,"Ҳар нарсага гап топаверадиган одам, майдачи"
Мижили бормоқ,Кичкина бешинчи бармоқ
Мийланг,Боши гаранг
Милғайиб тушди,Шалпайиб тушди
Минжик,Мунчоқ
Мирға,Янги униб чиққан ўт
Мирғайиб ўтирибди,Бир четга чиқиб нима қилишни билмай тумшайиб ўтирибди
Мирзавошши,"Сувда, юмшоқ лойқа жойларда яшайдиган ҳашорат. Кечалари чир- чир сайраб туради"
Мита,Кана
Митарам,Дугоналари четлаган қиз
Миччи (мичик),"Ёш бола жуда кичкина бўлса миччигинам, миччим деб севишади"
Мишмоқ,Ғирромлик қилмоқ
Мовароунноҳр,Дарёни нариёғидаги мамлакат
Мовот,Ҳашам.
Мовот атмак,Мақтаниш
Мовотчи,Ҳашамга ўч одам
Моғзово,"1. Кўп гапирадиган, бир гапни кўп такрорлайдиган эзма одам. 2. Кир ювгандан кейинги совунли кир аралаш суюқлик."
Моғолдоқ отмоқ,Ўмболоқ ошмоқ
Модормо,"Шижоатсиз, масъулиятдан қочадиган одам."
Можик,Кичик жонивор
Мозорбости,"Сафардан келтириладиган совға. Асосан, майда-чуйда озиқ-овқат маҳсулоти."
Мойип,Ногирон
Молғом,Балғам
Молинга маҳкам бўл,Мол-мулкингни эхтиёт қил
Молли бўлди,"Рўзғор асбоблари етарли бўлди, мулкли бўлди, дегани."
Молни тейини қурила,Молни тагига қуруқ қум ёзиб юбор
Монго қоро,Менга қара
Морқо,Оппоқ
Мослиқ,"Тозаланмаган, ифлос."
Мотоқ,Матёқуб
Мотсекил,Мотоцикл
Мошкичили,Мошдан қилинган қуюқ ош
Мрат,1.Манзират 2.Тасодифан учраб қолган таниш одамни уйга меҳмонга таклиф қилиш
Мўвирдак арава,"Хонга қиз ахтариб келадиган арава, аравани кўрган одамлар нима сабабдан уларни қишлоғига (элига) келганини билиб олганлар."
Мужили бармоқ,Қўлнинг кичик бармоғи
Мужмал жавоб,"Ноаниқ , тушунарсиз жавоб"
Мўлат,Муҳлат
"Мўлдак (Гурлан
т.)",Қўшимча томорқа ери
Мўмисоз,Иш қуроли
Мунг,Қайғу
Мундин,Бундай
Мундин бўлади,Бундай бўлади
Мунинг бўлмиди,Буниси бўлмайди
Мункиб,Алдаб ўзини кучсиз кўрсатиш
Мўнча,Ҳаммом
Муросага галдик,"Келишдик, ярашдик"
Мут,"Текин, бепул"
Мўт,"Бахна, бировни қўлига қараб қолган"
Муттик,Куртак
"Муш (дўртмуш, учмуш)","Бурчак (тўртбурчак, учбурчак)"
На бало?,"Нима бало, мунчалик, офат бўлдими?"
На вилин (билин),"Билмасам, билмадим."
На дадим,"Нима дебман, сенга нима дегандим."
На дадинг?,Нима дединг?
На дасанг дивар,Нима десанг деявер
На дисан?,Нима дейсан?
Навило олиш гарак,Нималар олиш керак
Назаллаб от,Нишонга олиб от.
Назарламак,Нишонга олмоқ.
Налож атин,Нима қилай?
Нах тўлов,Нақд тўлов
Наъла.. галмадилами,"Кимлар йиғилишини икки томон ҳам билган холатда: нала галмадими деб сўраганида икки томон ҳам кимлар ҳақида гап бораётганин тушинади, ҳозир келадилар ёки иши чиқиб қолибди деб жавоб қилади."
Наъллаш,Кўчат ўтқазмоқ
"Наълча, наъл","Кўчат, ниҳол."
Нерда юрибсан?,Қаерда юрибсан?
Нигирик девор,Синч девор
"Нииш бўлипти, (Хонқа тумани), нишатипти ?
(Урганч).",Нима бўлибди?
Нимколо,Тўкис эмас
Ничик?,Қалай?
Ничча ойлиқ?,Неччи ойлик? ( Чақалоқ ёки ҳомила )
Нишатин?,Нима қилай?
Новви?,Нима?
Новолон (набало),Намунча
Нозвой,Райҳон
Нолож қолдим,Иложсиз қолдим.
Нох,Ип
Ночор,1.Ёлғиз (эрсиз) қолган аёлларга нисбатан айтилади. 2. Чорасиз одам
Нўмай,Мўмай
Нўхарак (тезгазак),Суварак
Нўхта,Отнинг югани
Нўш пиёз,Янги кўкарган кўк пиёз
"Обиржи, овиржи.",Ноаниқ
Обкет,Олиб кет
Ова,Ҳа
Ович,Суқум
Овқатни қотирибсан,Овқатни боплабсан
Овусаранг,"1. Кечаси қаттиқ уйқудаги киши уйғотилганда нима бўлганини, қаердалигини ҳам англай олмай қолган холат 2. Нима қилишини билмайдиган одам"
"Од, одинг ким","Ном, исм, исминг ким"
Одим чўрак,"Бола юра бошлаганда тондирда ёпиладиган кичкина нон, қўшниларга тарқатилади"
Одоғли,Унаштирилган ёки ваъда берилган
Оё,Кафт
Оёқ,Сувнинг пастки оқими
Оёқ сув,Ўз ҳолича оқиб келадиган сув
Оёқа тутиш.,Ўтира олмайдиган ёш боланинг хожат чиқариши учун оёғини буклаган ҳолда кўтариб икки оёқ орасида тутиб туриш
Оёқдан қолдингми,"Онаси бирон жойга бориб келишни боласига буюрса, пиёда, узоқ ерга қандай бораман деб жавоб қилганда, оёқдан қолдингми (оёғинг йўқми, югуриб бориб кел) дейди"
Оёқлашди,"Иш томом бўлай деб қолди, буюртмани бажаришга оз қолди"
Оёқлашиш,Кўпчилик пул йиғиб мол ёки қўй сотиб олиб кейин гўштини бўлишиши.
Оёлвант,Кўп болали
Оз,"Ориқла, қорнингни йўқот"
Озиқди,Йиринглади
Озонқи,Эрталабки
Озор,Азоб
Ойболта,"Суяк чопадиган, гўшт майдалайдиган болта"
Ойдин,"Яхши, ўртача"
"Ойдин ([и] қисқа
айтилади)","Оқмайдиган сув ҳавзаси, кўл"
Ойдинда бўлинг,"Янги туғилган онани табриклаганда жавоб сўзи, сиз ҳам ёруғ дунёда юринг маъносида"
Ойиқ,Маст эмас. Киши мастга ўхшаб кўринсада ҳушёр бўлса айтилади.
Ойилди,Мастликдан хушига келди
Ойилмоқ,"Ҳумордан чиқмоқ, ўзига келмоқ"
Оймоқ,"Адабини бермоқ, хатосини тан олдирмоқ."
Ойниқси. У ойниқси одам,Ажабтовур. У ажабтовур одам
Ойнонин,Ўргилай
"Ойри, у ойри.",1) Шохсимон ёғоч. 2) Бошқа.
Ойрит,"Йўлни бўлинган жойи,чарроҳа."
Ойро,Айрилиқ
Ойроти,1.Бошқага тегишли кийимни вақтинча кийиш. 2.Бировнинг буюмини вақтинча фойдаланишга олиш.
Ойтвадим,"Айтгандим, айтувдим"
Ойтдимов,"Билгандима, айтгандима"
"Ойтмосо, ойтқонча","Айтгандек, айтганча, айтганимдек"
Олапосирди,Одам кўп жойдаги тартибсизлик
Олапўта,Ўт
Олвирама,"Довдирама, шошилмай гапир"
Олдириб юбор,Шерикдан олдин ур
Оли,Олхўри
Олис,Узоқ
Олишиб гетди,"Ўрганишиб кетди, боғчага ҳар ёқдан келган ёт болалар бир-бири билан тил топишиб кетди"
Олиштириқ,Ўт ёқишга қоғоз ёки қўшнида бўлса ҳам ўтин чўғидан олиб келинади
Олмурут,Нок нави
Олмурут,Ношвоти (нок) нинг Хоразм нави
Ололи,Олайлик
Олонглиқ,"Чекка, жуда кичик тўқайзорга ўхшаш жой."
Олоси,Одамзот бор оласи бор деган ибора.
Олохомма,Қовун нави
Олтибош,"Хивада олти киши бирлашиб пахта-мой заводи қуришган. Аҳоли уларни ""олтибош"" деб атаганлар"
"Олчоқ, олғир",Уддабурон
Онги чиқишмиди,Фарасоти етмайди
Онгирқи,Нариги
Онгқилдоқ,Анқов
Онгқироқ эшак,Тинмай қаттиқ бақирадиган эшак
Онгроқ сурил,Нарироқ сурил (ўтир)
Онгсот,Осон
Онгширмоқ,Фаҳмламоқ
Ондимоқ,Сездирмасдан кузатмоқ.
Онт урган,"Бошқаларга тушунарсиз ғоялар билан яшовчи, ўз фикрини бошқаларга ўтказишга бесамар уринувчи одам"
Опа,"Она, ойи"
Оға,Ака
Оғабей,Зиёфатни бошқарувчи
Оғая,Оғайни
Оғзибирчилик,Аҳиллик
Оғзингдан қонинг гаяй,"Сўкиш, оғзидан қони келса ўлишга яқинлашган бўлади"
Оғзини исқади,Сир бой бермасдан суҳбатдошининг муддаосини билиб олди
Оғзиочиқ,"Уст тарафининг ўртаси очиқ гўмманинг бир тури татарларда парамач, дейилади."
Оғзолачилик,Келишмовчилик
Оғизламоқ,Эсламоқ
Оғизли,"Тили ўткир, эътиборли"
Оғли иштон,Икки оёқ орасига қўшимча мато тикилган иштон
Оғмоқ,"Ўзгармоқ, сўзида турмаслик."
Оғроми йўқ,Оғир эмас
Оқ гурвак,Қовун нави
"Оқ дарак, гўк дарак",Болалар ўйини
Оқ оёқ,"Панд берувчи, кўчадан бери келмайдиган одам."
Оқ сўвит,Оқ тол
Оқар сув,Дарё суви
Оқёғ,Пахта ёғи
Оқёп (оёқ ёп) канали,"Оппоқ шўри чиқиб ётган ергача борадиган, ундан нарига давом қилдиришнинг иложи йўқ ариқ."
Оққин,Тез оқар сув
Оқлиқ,Фотиҳа тўйида дастурхонга тортилган қатиқ.
Оқловон,Ақл ўргатувчи одам
Оқновот,Қовун нави
Оқриқ,Округ
Оқрово,Ҳаддан зиёд шўр овқат
Опабийи,Опа
Опишлаб гўтар,Болани орқанга олиб икки оёғини белингга ёпиштириб тут
Опка,Ёш боланинг талаффузида опа.
Опо,Она
Оппор,Олиб бор
Оптирама,"Қўркмасдан, шошилмай ўйлаб гапир, адашма"
Опчиқ,Олиб чиқ
Опчин,"Харом нарса, ташлаб юбориладиган"
Опчинингни ол,Ҳозирги памперс (пахта ёки юмшоқ латтадан бўларди) кўзимдан йўқат
Орва,Арава
Орёно тошо,Нарига ташла
Оржо,Сандиқ
Орзоқли,Ардоқли
Орқа,1. Елка 2. Қиблага тескари томон (Хивада қибла тозабоғ ва Орқа тоза боғлар мавжуд) 3. Шимол томон
Орқа тоза боғ,Орқадаги (шимолдаги) янги боғ
Орқайин,"Хотиржам, бамайлихотир"
Орқи дунё,Нариги дунё
Орқинди совун,Совуннинг майда қолдиқлари
Орқинди сув,"Кир ювгандан кейинги сув, мағзава"
Орли,Номусли
Орно,Катта канал
Ороқ совун,Атирсовун
Орслон,Арслон
Орт,1. Юкла 2. Тозала
Ортиниб ол,Ювингандан кейин чочиқ билан танангни сириниб ол (тозалаб ол)
Оси,Гуноҳкор
Осиқ,Осиғлиқ
Осил,"1.Энг яхши, асил 2.Дорга осил"
Осма шўрва,Қайнатма шўрва
Осмон осилиб ера тушдими?,"Шунчалик ёмон иш қилдимми, осмон узилиб ерга тушдими?"
Осмоний сўллама,"Билмасдан, асоссиз гапирма"
Остонроқ,Секинроқ
Остордеш,Юпқа чопон
Осторлик,Тўшак-кўрпани иккинчи томонига ишлатилган мато
От,Мусулмон ётқизиладиган тобут
От усти,"Йўл-йўлакай, шошилинч кириб ўтаман."
Отамагаян,"Кераксиз гап, кераксиз нарса (кесатиқ: отамга келган ўлимдек кераксиз, маъносида)"
Отатангнги,Отабой Тангриев
Оташ,Ўт олов
Отди,"Электр симларида ток кучайиб кетганда бир офат чиқишини олдини олиш учун уйлардаги ток ҳисоблагичларда ""сақлагичлар"" қўйилади. Ток келмай қолганида, нима гап деб сўрасалар сақлагич (предохранитель) отди (ажратди) деб жавоб беради."
Отёноқ (Гурлан тумани),"Чўзиқ юзли (асосан, аёлларга нисбатан ишлатилади), гўзаллик нисбатларидан бири."
Отил,Атир
Отишкир,"Оташкурак; печда чўғни кураганда, товада гўмма пиширишда ишлатилади, шунингдек тандирда ҳам"
Отламоқ,Хатлаб ўтмоқ
Отлиқ,"Хива хонлигида хон навкари ўз оти билан ёлланса унга 30 таноб ер ажратилган (1 гектар ер 2,4 танобга тенг бўлган) навкарлик хизматини ўтаб бўлса ёки вафот этса шу оилага ўмрлик мулк бўлиб қоладиган ер “отлиқ” деб оталган. Туркман уруғидан навкарликга келганларга ҳам шунча ер ажратилади, лекин улардан 3 отлиқ навкар талаб қилинган"
Отлос,Атлас
Отноқда,У ёқда. Масалан: йўл сўралганда шундай тушунтирилади.
Отноқда- путноқда,У ёқда бу ёқда.
Отов,"1.Орол, ўтов, қора уй 2.Дарё бўйи"
Отоғиз,Омбур
Отоқорво,Ёш болани юришга ўргатиш учун ёғочдан ясалган арава
Отошхона,Чилимни ўт ёқадиган жойи
Охорли,"Янги, ювилмаган куйлак"
Охсирмоқ,Аксирмоқ
"Охтиқингни дум
аркалатаварма",Неварангни жудаям эркалатаверма
Охтихона,Молхона
Охшом,Кеча
Охшом гўринмадинг,Кеча кўринмадинг
Охшомқи,Кечаги
Оҳд,Қасам
Очилиб гетибсиз,"Чиройлироқ бўлибсиз, анча гўзаллашибсиз"
Ошир,Кўпайтир
Ошқол-дошқол,"Майда-чуйда, латта-путта, аралашиб кетган ҳар хил нарсалар"
Ошоқ,Паст
Ошоқа туш,Пастга туш
Ошпичоқ,"Гўштни қийма қилишда ишлатиладиган катта-оғир кескир, бақувват пичоқ"
Пайшанбалик,"1. Марака. 2. Мадраса талабалари устозига жумадан олдинги куни нон, қанд ва бошқа ейимликларни олиб келганлар. Олиб келинадиган озуқалар пайшанбалик дейилган. Хонлик даврида Жума куни дам олиш куни, бозор куни ҳисобланган. Инқилобдан кейин кунлар ўзгартирилиб дам олиш куни якшанба бўлиб қолган. Албатта бу ҳолат тушинарсиз, Як, бир рақамни билдирса, ду, икки рақамни билдирган, Ҳозир бир рақам дам олиш куни, иккинчи рақамда душанба куни, ҳафтани биринчи куни ҳисобланади. Шу абаб кунлар бир бирига тўғри келмай қолган. Бу жумбоқни ечиш учун ҳеч ким бош қотирмаган."
Пайшанбалик,Ўлик чиққан хонадонда жанозадан кейин ўтган етти кундан кейинги биринчи пайшанбадан бошлаб то учинчи пайшанбагача ўтказиладиган маърака. Ҳозирда пайшанбалик ўтказилмайди.
"Палаж, палаж гап","Ёмон, ёмон гап"
Палак,"1. Сабзавот ва полиз экинининг барча вегетатив қисмлари шу ном билан айтилади. 2. Инсоннинг келиб-чиқиши, сулоласи."
Паланч,Ғўзапоя боғлами
Палтик (тил),Чучук (тил)
Пам-паросатсиз,Фаҳм-фаросатсиз
Панг,"1.Чўп-чор, қозиқ қоқиб сув йўли кўмилади, панг берилади. 2.Қийшиқ девор йиқилмаслиги учун вақтинча ёғоч тираб, панг берилади"
Пақирди,Сувнинг пақирдаб қайнаши
Панис,Фонус лампа
Пано жой,"1. Қуёшдан сақлайдиган бекатни соябони, катта кўп этажлик уйни соя жойи. 2. Бошқаларга кўринмай турадиган тўсиқли жой"
Папа,Чақалоқ
Папак,"Ёш болани суннат қилганда кесиб олинадиган қисми (оналар уни доимий сақлаб қўядилар, ташлаб юборилмайди)"
Паравўзинг йўқ,Оғзингни паравўзи йўқ. Атрофингдагилардан (хотин-қизлардан) уялмай ҳамма гапни гапираверасанми.
"Парч. Сумкани ичи парча
нарса.","Тўла, бошқа сиғмайди. Сумкани ичи тўла нарса."
Парчик. Парчик нон.,Шишмаган. Қалин бўлсада шишмаган нон.
"Парчла. Хумни оғзини парчлаб бакла, уни бир
гап билан парчла",1.Зич бекит.Хумнинг оғзини зич қилиб ёп. 2. Бир гап билан мот қил.
Пасир-пусир,Бирдан. Қаттиқ шамолда айвонча пасур- пусир қилиб йиқилиб кетди
Пат,"Сочни пати, тароқда илашиб чиқадиган"
Патак,Оёқ кийими иссиқ бўлиши учун ичига қўйиладиган махсус тўшама.
Патик,Уйни шифти
Патила,Патли соч
Патингни енгно,Соч патингни йиғиб ол.
Патрак,Элат номи
Пахир,Ночор
Пахтани сойиб қўй (сой),"Кўрпа, тўшак тикишдан олдин той пахтани махсус ишланган силлиқ таёқчалар билан уриб сойиш-юмшоқлантириш (пахта пуфакчадек шишган, оғроми кам ҳолатга келади)"
"Пейкор, пейкол",Маҳаллада уйма-уй юриб одамларни тўйга айтувчи киши.
Перак,Товуқ тухумининг йўғон думба томони
"Пес, махўв",Ахмоқ сўзига яқин сўкиш тури
Печак ўт,Атрофидаги ўсимликларга чирмашиб ўсадиган ёвойи ўт
Пеш қилди,1.Кўрсатди 2.Қилган ишини пеш қилиб ўзини ўзи мақтади.
"Пеш. Ундан узоқ юр, пешинг
дейса, касиб ташла.","Этак. Ундан узоқ юр, этагинг тегса кесиб ташла."
Пешалаб,"Титкилаб, товуқлар ўзига емиш ахтариб ҳамма ерни (ташландиқ уюмларни ҳам) титкилаб (пешалаб) чиқадилар"
Пешалама,Товуққа ўхшаб пешалама (чош-пош қилма)
"Пешини қоқиб
кетаверадиган одам",Гап кор этмайди одам.
Пешкир,Пахта териладиган фартук.
Пешша,Чивин
Пзлўвиқ,"Болалар ўйинчоғи, қулоғини бурасангиз виззилаб айлана бошлайди"
Пиёва,Ёвғон шўрва
Пиёнжиқ,Пияниста
Пилик,Пилта
Пилис,моғор
Пирнахос,"Пирлар қадами теккан қишлоқ, маҳалла номи"
Пирхима пишдим,"Терлаб пишиб, кийимим нам бўлди."
Писта,Ерёнғоқ
Питта,Бироз
Питта еб ол,"Ҳеч бўлмаса озгина, бир қошиқ татиб кет, озгина бир бўлак еб ол, бир бўлак нон билан бир пиёла чой ичгин"
Пишиб турган кекса одам,Ўлими яқин жуда кекса одам
Пишик,Мушук
Пишик,"Ўта ақлли, муғомбир, ҳаёт тажрибасига эга одам."
Пишикчилик,"Бирор бир экин ҳосили йиғиладиган пайт. Буғдой пишиқ, қовун пишиқ, тут пишиқ."
Пишти,Қўшмачи
Пишши бўласан,Куясан (болага иссиқ нарсага қўл узатмаслиги учун айтилади)
Плис,Моғор
Плита,Уй ичида ўтин ёқиб овқат пиширадиган чўян плита
Поёпул,Фақат пиёдалар ўтиши учун мўлжалланган кўприк
Позочилар,Ер сурадиган поза ускунасини ясовчи усталар элати
Пой,"1. Улуш, ҳақ"
Пойир,Хамиртуриш
Пойнак,Бош кийимнинг олдига чиқиб турадиган соябони
Пойтово,Этик кийганда ўрайдиган юмшоқ мато
Поки,"Соч-соқол оладиган ўткир тиғли асбоб, устара"
Поқ-поқолоқ,"Поққилама ёмғир ёғди, кейин селга айланди"
Поқловиқ,1.Тери куйганда пайдо бўладиган пуфакча 2. Сув пуфакчаси
Поқловуқ,Қармоқнинг сувда қалқиб туриб илмоққа таъсирни билдирувчи қисми
Поқловуқ отди,Куйган терида пуфакча пайдо бўлди.
Поқломо,Пахлава
Полвон ёп,Катта полвон канали
Полвон пира бориб галаман,Паҳлавон Маҳмудни мақбарасига зиёратга кетаётганини билдиради
Полмин,Фолбин
Полосултон,Маҳалла номи
Полпис,Озодаликка эътиборсиз одам
Попоқчи,Телпак тикувчи
Порсонг,Узунлик ўлчов бирлиги
Посирди,Тўс-тўполон
Посмонда,Маданиятсиз одам
Пот-пот,Трактор
Потинка,"Қишки оёқ кийими, ярим этик"
Потирдомо,Питир-питир(беодоблик) қилаверма.
Потлоқ,Кўзи каттароқ кўринадиган одам.
Потрот,Чатоқ
Потти,"Ҳаракатлари, кийим боши, гап-сўзи бошқаларга ёқмайдиган, атрофдагиларга, ўзига ҳам бепарво қарайдиган, тартибсиз одам."
Потти–путтингни йиғиштир,"Уйда керак-керакмайдиган кийим-кечаклар, ўйинчоқлар, оёқ кийимлари тартибсиз бўлиб ётганда танбех қилиб айтилади"
Похха,Суви қочган мева
Поххо,Пўкак
Пошшиллама,Семиз одамлар тез юрса ҳаво ололмай пашшиллаб қолади
Пошшо,1.Подшоҳ 2.Қизлар исми.
Пошшоб,Жаллод
Псмик,"Зимдан иш киладиган, хамма жойга бурнини тикиб юрадиган"
Птроқ,"Ёввойи ўт, меваси тиканли бўлиб, кимдир тегиб ўтадиган бўлса кийимига ёпишиб олади, айниқса пахтазорда"
Пўлқит,Эзилиб суви чиқиб кетган мева
Пулласа бўлади,"Пулламоқ, бирон нарсани пулга сотиб юбориш"
Пўрсанг ер,"Заҳкаш, ариқ атрофларидаги экилмай турган юмшоқ ерлар"
Пўссиқ,Ёғда қовурилган чалпак
Пўстакла,"Шундай ургинки, қайтиб бу ишларни қилмасин"
Пўта,Аёллар рўмоли
Пўхха,Заиф
Пўчоқчи,Қадимда бозорда қовун тиликлаб сотилган пайтларда пўчоқларни мол учун йиғиб оладиган одам
Пўш-пўш,Бозорда ҳаммол одамларни шу сўз билан йўлдан четроқ туришга чақиради
Пушта,Белкуракнинг орқа томони
"Пушта,пуштала б",Полиз экинларини эгатсиз ўстириш усули
Қайиқ лаган,"Бир вақтлар, ваннахоналар йўқ даврида қайиққа ўхшатиб ишланган лаган (тос) лар пайдо бўлганди, болаларни чўмилтириш учун"
Қайин,1. Маҳкам 2. Қудалар бир бирига қайин томон бўлади
Қайиштир,Эг
Қала,"Тўлдирмоқ, тиқмоқ"
Қибла тоза боғ,Қибладаги янги боғ
Қидиқи бо,Қитиғи бор
Қидиқломоқ,Қитиқламоқ
Қидиришма,Саёхат
Қидиришмаға гетётирман,Саёхатга кетаётирман
Қиёмат,"1. Охир замон 2. Жуда зўр (тўй қандай бўлди деса, ааа киёмат бўлди, артистман деган келган, ярим оқшомгача соз бўлди)"
Қижимоқ,Кичинмоқ
Қизғинлади,Иш қизиди
Қизғонч,Қизғончиқ
Қизил қурт,Чувалчанг
Қизил таёқ,Хива хони тахтдан туширилган даврда ўз хоҳиши билан ҳукуматга ёрдамга келган (волонтер) аскар
Қизни калласини айлантириб юрибди,Гапга уста йигитнинг бўлмағир гапларга қизни ишонтиришга уринаётгани ҳақида
Қийтор,Ғилай кўз
Қил дапа,Баланд тепалик
Қилдир,Бегона ўт тури
Қилдириқ,Жуда ориқ бола
Қилиқ,Одат
Қилчиқ,Балиқ суяги
Қиниқ,"1. Азиз 2. Қишлоқ номи, юқори қишлоқ"
Қипчоқ,"Ичи ковак дарахт, қишлоқ номи"
Қирғиз ёп,Урганч шаҳридан ўтган канал
Қирғич,"Қозонда ёғи кам паловнинг тагини олиб қотган, аммо куймаган қисми."
Қирон галди,Қирғин келди
Қиртиш,"Ернинг юзги қисми, ерни қиртишидан олинган тупроқдан Худо одамни яратган"
Қислиқиш,Асабийлашиб сиқилиш.
Қислиқоварма,"Ўзингни койишни тўхтат, эзилаверма."
"Қисноқ (Гурлан
тумани)",Дарёнинг торайган жойи
Қистонманг,Шошманг
Қит,"Камёб, кам учрайдиган"
Қоварғон,"Кетмон чопиб, кафтнинг у ери, бу ери шишиб қотиб қолган ҳолати"
Қоз,Ковла
Қозноқ,Озиқ-овқат сақланадиган омборхона
Қозо,Кўлда балиқ тутиш ва сақлаш учун қазо қурилади (тол навдасидан ишланади). Балиқ киради лекин чиқишга йўл тополмайди.
Қозоқи қўй,Қўй зоти
Қозоқи рўмол,"Чит рўмол, тўйларда тарқатилади"
Қозолонди,"Оламдан ўтди, қазо қилди."
Қозонни доғла,Овқат тайёрлашдан олдин ёғ солиниб пиёз билан доғланади
Қозув,Ариқларни лойқадан тозалаш
Қой,1. Қиш кетиши билан баҳорда бирдан бўладиган вақтинчалик совуқ кунлар
Қойиз,Дарахтнинг пўстлоғи
Қойим,Мос
Қойир,Дарё бўйида деярли суғормасдан деҳқончилик қилинадиган ер.
Қойиш,Камар
Қойиш,1.Бешбармоққа ўхшаш таом 2.Камар
Қойиш курдик,Манпарга ўхшаш таом
Қоймоқ (Бургут қайиб учди),Қанот қоқмасдан учмоқ.
Қойтиш бўлди,Одам вафот этди.
"Қоқа (бола
тилидан)","Қанд, конфета"
Қоқилғойсан,"Ерга қоқилғайсан, қозиққа ўхшаб қоққайиб турма"
Қоқирдоб гулиш,Қаттиқ овоз чиқариб кулиш
Қоққ атасан,"Болага йиқилиб тушасан, урилиб кетасан дейилгани"
"Қоққойиб
дуриша қоро",Гердайиб туришин кўр
Қоққоймин ўл,Кеккаймай ўл
Қоққоймо (от),Табиатан кеккайма одам
"Қоққоймо (феъл
буйруқ майли)",Кеккаяверма
Қоқроб қолғон ер,"Сувсиз қолган, чўлга айланаётган ер."
Қолинг,Қалин
Қолинг,Келинга маҳр қилиб бериладиган қалин пули
Қолингини олиш,Ягоналаш
Қоллавоч,Қалдирғоч
Қолмин гал,"Бола: ""ойи ман аммамларга кетаяпман""- деса, ""қолмин гал""- деб изидан айтиб қолади, яъни ётиб қолмай кел, дегани"
Қолоқ,Кичик чўмич
Қонгириб таша,1.Ағдариб ташла 2.Қайир (феъл)
Қонжиқ,Урғочи ит
Қонқойма,Гердайма
Қопи,Эшик
Қопил,Жим бўл
Қопилғон,Бирор бир махсулотнинг тугаб ёки камёб бўлиб қолганлиги кесатиб айтилиши.
Қопини бакла,Эшикни ёп.
Қопоқ,Кўз қопоғи
Қоппойғон,"Шишган, катталашган."
Қоприқ,Шамол айланмайдиган жой.
Қоптол,1. Ён тараф 2. Сийдик йўли касали
Қопчиб ол,"Отилган тўпни ушлаб ол, тутиб ол."
"Қопшиқди, қопилди
(кесатиқ)",Бозорда қолмади .
Қопширма,Гўмманинг ёғсиз қовурилган тури
Қор атиб гетди,Аразлаб кетди
Қор атмак,Хафа бўлмоқ
Қор учқунлади,Қор секин ёға бошлади.
Қора касак,Гўштнинг ёғсиз жойи
Қора пўчоқ,Ичида қурт ўлиб қолган пилла
Қоравулоқ,Дала
Қорақон бўлди (Еянимам қорақон бўлди),"Қора қон - бу қуйилган қон. Еган овқатимни ҳам қора қон қилдинг. Дастурхон атрофида овқатланиб ўтирганда, ёнидаги киши асаб бузадиган гап гапирганда, чидай олмасдан шунақа деб айтадиган вазиятлар бўлади."
Қорақонни (заққим) йе,Койишни бир тури
Қораулоқ,Қорақулоқ. Илмий номи каракал бўлган мушуксимонлар оиласига мансуб жонивор. Ташқи кўриниши силовсинга ўхшаб кетади. Хоразмда илгари тўқайзорда кўп бўлган.
Қоржонг,"Аразчи, жаҳли ҳар нарсага аразлайверадиган одам."
Қоржонг,Сал нарсага хафа бўлувчи одам
Қориқ,Эгат (пахтазорни суғоришда олинган эгат)
Қориқ бериш,Паловни қозонда қоришнинг бир усули
Қоринжа,Чумоли
Қорқи,Ошли
Қормо,1. Шовланинг бир тури 2. Аралаштирма
Қормоқ,Аралаштирмоқ
Қорни қоппойиб гетётир,"Қорни тобора каттайиб бормоқда, туғиш яқинлашган аёл ҳақида."
Қородомоқ,Қадимда қуллар жойлашган жой. Бахтиқаро қора кунида овқат ейиши ҳам қийин дегани. Ҳозир ҳам қишлоқда шу элат мавжуд.
Қоромиқ,"Далада, қумликда ўсадиган думалоқ мевали ўсимлик."
Қоромиқ,Одам терисига тошадиган тошма тури
Қоромон гужум,Нарвон дарахтининг бир тури
Қоротқи,Сунъий соқчи
Қорри,Кекса одам
Қорри,"Қари, кекса чол."
Қорри қиз,Қовун нави
Қоррибой,"Эркаклар исми. Боланинг умри узоқ бўлсин, деган ниятда қўйилади."
Қорсилдоп учғойсон,Қаттиқ койиш тури
Қосмобод,Қосимбой номи билан аталадиган кўл атрофидаги шаҳарча
Қосноқ,Кепканинг пойнаги
"Қосормоқ, қосорди",Бировнинг манфаатларига қарши қасддан иш қилиш. Қасдан қилди.
Қотириб қўй,Ўхшатиб қўй
Қотирмоч,Ёғсиз қовурилган нон
Қотмо,"Ўзини бошқалардан устун кўрсатувчи, гердайиб юрадиган одам."
Қочиқи бор,Бирон топшириқни бажаришда янгилишган одамга иш буюрувчи топшириқни нозик томонини тушунтирмаган бўлади.
Қочирим бариш,"Бирон ишни охирига етказиш кераклиги юзасидан тўғридан-тўғри айтмасдан, уни зарурлигини бошқа сўзлар билан ифодалаб тушунтириш."
Қочор,Ғунажин
Қош,Томни бостирмасида ёғочларни кўтариб турадиган кўндаланг қўйилган ёғоч
Қўваламоқ,Қувламоқ
Қўвиб ювардим,Ҳайдаб юбордим
Қўвиз,Шоли пўстлоғи
Қўвиқ,Пўстлоқ
Қўвип ювар,Ҳайдаб юбор
Қўвирдоқ,Димлаб пиширилган гўшт
Қувла,"1. Қибла 2. Чексиз, чегарасиз кенг жой 3. Орқасидан қув"
Қўвлашмажақ,Қувлашмачоқ ўйини
Қўвлиқ,Бешинчи авлод
Қудирғон ит,Қутурган ит
Қуёнжиқ,"Қуёнчиқ, тутқаноқ."
Қужоқ очиб,Қучоқ очиб
Қужоқломоқ,Қучоқламоқ
Қўзвоқ,"Қўзғоқ, соч остидаги кепак"
Қуйи,қудуқ
Қўйсонго,Қўйсангчи
Қўқин оши,Майит чиққан уйда пиширилган ош.
Қўқир,"Кибрли, манман, гердайган."
"Қул, қулсумоқ",Бадани сертук одам
Қўллиқ,Қўлқоп
Қуллоп,Ошиқ-мошиқ
Қулоқ,Ариқнинг қулоғи
Қулоқчин (Попоқ),Қулоқни ёпиб турадиган телпак.
Қулп,Қулф
Қумёсқа,"Қумлик чегараси, Хивадаги маҳалла номи"
Қумпишик,Юмронқозиқ
Қумри,Мусича
Қўнгиши,Қўшни
Қундоқ,"Йўргак, юмшоқ чит, матодан қилинган рўмол"
Қундоқлаш,Йўргаклаш.
Қўноқ,Соч остидаги кепак
Қўноқ олиш,Қўшнининг тўй ёки бошқа тадбирида унинг меҳмонларини уйингда меҳмон қилиш
Қўпди. Сувоқ қўпди.,Бирор ёпишган нарсанинг жойидан қўзғалиши.
Қур,"Тўйларда томоша кўрсатиладиган, кураш тушиладиган давра"
Қурвоққо,Қурбақа
Қурвонлик,Қурбонлик
Қурғун,Бадавлат
Қурғун оила,Ўзига тўқ оила
Қуржоқ,Қўғирчоқ
Қуржоқчи,"Қўғирчоқ тузатувчи, ўйнатувчи"
Қури галавардим,"Касал кўришга ёки тўйга қуриқ келган, ҳижолат бўлиб гапиради"
Қўрқ товуқ,Тухум босиб ётган товуқ
Қурмиш,Кичик тўртбурчак шаклидаги гўмма.
Қурмоғой,Қурмагур
Қуромиш (қуромиш,"Қуроқ. Ҳар хил рангли жуда кичик матоларни бир бирига ямаб тикилган,"
Қурот,Сиҳатгоҳ
Қурс,"Вақт ўтиши билан қуриб қолган қиём, мураббо"
Қурсоқ,Қорин
"Қўрчилаш, қўржилаш.Укан гни қўрчилаб
юр","Тарафини олмоқ, авайлаш, асраш."
Қусури чиқди,Тинчланди
Қут,"1. Жон 2. Бойлик, бахт, қут барака"
Қут бўлсин,Бирон офат кўрган кишига қўрққанингиз қут бўлсин деб кўнгил берилади (Жонинг омон бўлсин маъносида)
Қути ўчган,Ранг рўйи бир ҳолатда
Қутли бўлсин,"Қутлуғ бўлсин. Янги иморат, тўн қутлуғ бўлсин"
Қуури,"1. Қуруқ, қуриган. 2. Ичи бўш идиш 2. Фақат"
Қўш,"Саф, қўшин"
Қўш,"Макон, қароргох, жуфт"
Қўш ташладик,Улфатлар билан маишат қилишга ўтирдик.
Қўшкўпир,1.Қўш кўпирик. Иккита кўпирик ёнма ўн ўтган. 2. Туман номи.
Қўшонт,1Тўйга ёрдам 2.Қўшимча
"Қўшонтли (бу сиғирнинг
сементал зотидан
қўшонти бор)",Қўшимча қўшилган.
Рағвароғ,Эшиклар тўлиқ очиб ташланган
Рап,Тезда кет бу ердан
Рапди,Жуфтакни ростлади
Рапида,Ёғоч доира устига пахта ва мато қопланиб тандирда нон ёпиш учун ишлатиладиган буюм.
Раптор,"Юз, бет"
Расмчи,Сураткаш
Ренгин,Рентген
Рибоб,Рубоб
Рой,"Кўнгил, истак, хохиш"
Рос,Тўғри
Рош,"Ёпларни лойқадан тозалаганда, қазиганда қирғоқлара тўпланиб қуриб қолган майда тупроқ"
Ружжа,Кўк султон
Рўйи қувла,Қиблага қараб
Рўпак,Қўл рўмолча
Рўпак,"Аслида Рўйпок - чолу-кампирларнинг юзларини артиб туришлари учун мўлжалланган рўмолча. Рўй-юз, пок-покиза. Юзингиз озада, покиза бўлса чиройингиз очилиб, ёшариб юрасиз. Шуни эътиборга олиб юзни артиб туриш учун алоҳида рўмолча сақлаганлар."
Рўрай,Вақти-вақти билан
Садаф,Тугма
Сазо,"1. Жазо, танбеҳ 2. Лойиқ, муносиб, сазавор"
Сазойи,"Жазо бермоқ, ватанидан жудо қилиб ҳайдаш"
Сакди,"Ҳаракат тартиби бузилди.(Юраги сакиб, тўхтаб-тўхтаб ура бошлади)"
Сақилдоқ,Семиз одамнинг соқоғи
Салгина,Озгина
Салт юради (машинада),Машинада асосан бир ўзи юради
Самтиқ,Бемаза
Санг,Тўлқин
Сангги,Кўча-кўйда санғиб юрадиган одам
Сангороқ,Данак
Сандуқча- гулбуқча,"Болалар ўйини, сандиқда турган очилмаган гул"
Сани,Сени
Сани олғой,Ўлай?! (койишнинг энг юмшоқ тури)
Санлама,Сенсирама
Сапала,Билинар билинмас сув сеп
Сапкил,Сепкил
Сапча,"Қишлоқ номи, пишмаган хом қовун"
Саранг,Жуда зўр
Сарвалама,Пайпаслама
Сарғимтир,Сариқ рангга яқин
Сардава қолғонни тошо,Кераксиз нарсани ташла
Сардўз,Қоп тикадиган бақувват ип
Саржин,"Узунлик ўлчов бирлиги 2,13 метр"
Саржин,Тахлаб қўйилган ўтин.
Саржўш,"Аччиқ қизил қалампир билан қўй думбаси ёки молнинг буйрак ёғини жуда майда чопиб тайёрланадиган гарнир. Асосан, пишган чучварага солинади."
Саринжоқ,Арғумчоқ
Саринжоқ,Арғимчоқ
Сармак,"1. Ёйиш, масалан, кирни офтобга ёйиш 2. Бировни ғийбат қилмоқ"
Сарроф,"Хивада олтинни рус пулига, рус пулини олтинга олмаштирувчиларни сарроф дейишган."
Сас,Овоз
"Сас, Сасинг чиқмади","Овоз, Овозинг чиқмади, эшитилмади"
Сат,Соат
Сатанг,"Ўзи билан ўзи юрадиган, гапирган гап бу қулоғидан кириб у қулоғидан чиқадиган одам."
Сатари,Олифта
Саттарош,Сартарош
Сейс,"Ўта ҳушёр, зийрак одам"
Сейсхона,Отхона
Серчали (сечали),"Қишлоқ номи, сеча (чумчуқ) номли қушлар макони бўлганидан келиб чиқган. Вақт ўтиб, бу қишлоқ «серчали» номи билан бизга етиб келган"
Серчали чалак,Сирланган челак
Сеча,Чумчуқ
Сеча тут,"Оқ, қизғиш рангда бўлади, тез пишиб тўкилиб кетади. Шу сабаб қўноқ (меҳмон) десалар керак"
"Сигир айди, эйди",Сигир ийди
Сизлоқ,Чипқон
Сил,Жуда юпқа гўшт ёпишган суяк
Силкиллама чўрма,Силкиллайдиган чўгирма
Силкма пўстин,6-7 ойлик қўй терисидан тикилиб қайнатилган анор пўчоғи сувига бўялган сариқ ранг поча пўстин
Симтик,Қурумсоқ одам
Син этиб,1.Синаб 2.Синчковлик билан
Сингди,"Сингиб кетди, хазм бўлди."
Сингмади,Овқат хазм бўлмади.
Сингсила,"Жуда кўпмева қилган мевали дарахт, узум"
Синиқчи,Синган суякларни даволовчи табиб
"Синчи, синоғчи (Мен синчи
эмасман)",Бировни синашга ҳаракат қилувчи одам (Мен сизни синамоқчи эмасман)
Сиплик,"Чўп-чор йиғиндиси, чиқинди"
Сипса,Супурги
Сиптириб,Сирғаниб
Сириш,"Эски даврдаги клей, бир ёғочни (рейкани) яна бирига ёпиштириш мумкин эди. Бодрак (варрак) ларни тузатишда ишлатардик. Йиғилган шилим қўчқорни шохига солиниб қаттиқ чивиқ (чўп, қуриган дарахт новдаси) билан аралаштириларди"
Сиришла,"Клейла,Илгарилари клей бўлмас эди, дарахтлардан оқадиган шираларни (шилим) йиғиб сириш (клей) қилардик"
Сирп,"Сирли, тутқич бермас, маҳкам, қаттиқ"
Ситқа,Ғалвир
Сихак,1. Майдалагич 2. Ориқ(озғин) одам
Сичра,Сакра
Сичради,Чақалоқ вафот этса шундай дейилади
"Совилди (тўй, арик)","1.Тўй, маърака тугади 2 Бирор бир меванинг пишиш даври тугаб бўлди."
Совин,Совун
Соғонадан қолган гийим,"Кўп йилдан бери фойдаланиб келинган, кўримсиз аҳволга келган кийим"
Соғот,Ярамас
Сода,Содда
Соз,"Гармон, аккордеон ва баяннинг умумий номланиши."
Созоқ,Саксавул
Сойил (Боғот т.),Гадой
Соқа,Канал боши
Соқор,Пешонасида оқи бор ит
"Соллонмин, тезроқ юри",Чўзилавермасдан тез-тез қадам ташла
Соллонмо,"Чўзилиб, секин юрадиган одам"
Солмо,Кичик ариқча
Солмоқ (Ўй солдим),Қурмоқ (Уй қурдим)
Солпи,Лапашанг
Солт-солт бораётир,"Бир ўзи йўлда ҳеч кимга, ҳеч нарсага эътибор бермасдан бораётир"
Соп,"Болта, белкурак каби дастали буюмларнинг дастасиз қисми"
Соричўп,Зарпечак
Соси,"Бадбўй, сассиқ"
Сотил,Болтача
Сотошиш,"Ким биландир шерик бўлиш ёки айтишиш, жанжаллашиш."
Сохона,Кераксиз нарса
Сочроб тушди,Бирдан жаҳли чиқиб гап қайтара бошлади
Сочўсар,Молнинг оёқ пайи
Сриш,Елим
Сўбат,Суҳбат
Сув очиш,Ерни исрофгарчилик билан суғориш.
Сув қочириш,Овқатни пишириш жараёнида қозонга оз миқдорда сув солиш
Сув пули,10 таноб ер 1 сув деб белгиланган ва бир сувга 20 сўм сув пули - солиқ йиғилган
Сув сапала,Супиришдан олдин билинар билинмас қилиб сув сеп.
Сув тутиш,Ерни меъёрида суғориш.
Сув ўти,Ёввойи ўт тури
Сува тушамиз,Чўмиламиз
Сўвға ер,Серҳосил зич тупроқли ер
Сўвит,Мажнунтоллар оиласига мансуб дарахт
Сўвитга каллак уриб қўй,"Толнинг шохаларини кесиб қўй, шохлари кўпайиб чиқади, хода бўлади"
"Сўвмоқ (маъракани,
тўйни)",Тугатмоқ
Сувни қочириш,Йиғилган сув камайиши учун ерда нишаблик ҳосил қилиш.
Судур,Одамнинг четдан қараганда кўриниши
Сужи,Чучук
Сужи жон,Ширин жон
Сўзилма,1.Тезлаш (шошмасдан харакатланиб юриганда ишлатилади) 2. Табиатан ҳаракати суст одам
"Сузилма(феъл,
буйруқ майли)",Жиддий бўл
Сўзиш,Бирор нарсани чўзиш
Сузма,Паловнинг тури
"Суйиш(феъл
буйруқ майли)",Сурил
Сўк,Тариқ
Суқаноқ,Бошқалар билан тез тил топишадиган одам
Суқилишма,Сан гапга аралашма
Сўқишмоқ сўқишдим,"Совуққотмоқ, совуққотдим."
Сўқмоқ узилмасин,"Бегоналашиб кетмайлик, биздан кейин болалар бир-бирини танийдиган бўлсин, борди-келди тўхтамасин"
Суқулмо,Аралашма
Сулги (сулйи),Сочиқ
Сулгун,Қирғовул
Сўлла,Гапир
Сўллама,Гапирма
"сўлласамам ҳам гап кор атмиди), Бир
корни бошшини тутмадинг",2.Бир касбни эгалламадинг
Сўллашиб ўтириб қолибмиз,"Гап қизиб кетиб, уйга кетиш эсдан чиқган"
Суллойди,"Ҳолдан тойди, чарчади"
Суллопча,Қўл ювишда ишлатиладиган лаганча
Сўм гўш (эт),Лаҳм гўшт
Сўм дамир,Қуйма темир
Сумаланиб юриш,Ўралашиб юрмоқ
Сумириб ич,Тўйиб ич
Сўмса,Сомса
Сумсик,Чақирилмасада келаверадиган одам
Сунгак,Суяк
Сунникиб йиқилдим,"Йўлда, билмасдан бирон бир тошга ёки бошқа бир жисмга туртилиб, урилиб йиқилиб тушган"
Супса,Супурги
Сўсой,"Бесўнақай, узун бўйли одам"
Сусоқ,Чўмич
Сусоқ,"Чўмич - аслида сув ёки суюқлик сол деган маъно бергандир, вақт ўтиб сусоқ бўлиб қолган"
Сўт,"Сўкиб бер, тикилган матони тикинини сўкиш."
Сут оши,Сутда пишириладиган гуручли ош
Сутдан қолди,Ёш болалик онанинг жисми сут ишлаб чиқармай қўйган холат
Сутдан чиқди,Ёш бола она сутини эммай қўйган холат
Сўўз,"Ипни тарангла, пулни чўз, ипни чўзиб узайтир"
Счон,Сичқон
Сэс бўл (сэс бўлмоқ),"Эҳтиёт бўл, эҳтиёт бўлмоқ, ҳарбир ишда эҳтиёткорлик зарур"
Тавалло,"Тавба қилмоқ, узр сўраш"
Таварик,"Зиёратдан келганда олиб келинган ейимлик, совғалар, ота-онадан қолган кийим-кечак"
Тажан,"Узоқ, бориб, етиб бўлмайдиган жой"
Таззак,"Мол тезаги, нажас"
Така,Ёстиқ
Такаллак,"Балиқчи қуш, ўз номини айтиб учади, такаллак-такаллак деб сайрайди"
Таканамат,Эчки юнгидан қилинган полос. Кигиз
"Тақир юза (ер, майдон)",Устида қопламаси йўқ юза ёки ҳеч бир қурилиш йўқ ер майдони
Тақирди,Гапга уста одам
Тал (Урганч ),"Текис, мувозанатда турган"
Талак,"Айвонни юқорисида қурилган иккинчи қават хона, омборхона"
Талатин,Чарм
Там йўқ,Мазасиз
Таман,Катта нина
Таманча,Нинача
Тамоми,Ҳамма
Танга,Кумуш пул (1 танга 20 тийин)
Танга (тийин),1. Танга 2. Пул бирлиги
Тандира ўдин қала,Тандирга ўтин қала (ўтин тиқиб тўлдир) ўтин келтириб ёқишга тайёрла
Тандормисиз,"Тетикмисиз, танингиз соғми"
Таноб,"«А» ҳарфига ўхшатиб енгил таёқдан ишланган ер ўлчовчи асбоб, асосан бир ўлчами 2 метр бўлади, тонобчи, табелчилар бажарилган ишлар ҳажмини ўлчашда ишлатадиган асбоб"
Тап,Чилдирма
Таппи (лўппи),Семиз
Тар,Янги узилган (мева-сабзавот)
"Тарнак, таннак",Энг эртапишар қовун нави.
Тарози босмиди,"Енгил, тарозида ўлчашга арзимайдиган нарса."
Тарс,1.Тескари 2.Ўжар одам
Тарсаки,Тескари
Тарсйўнқа,"Ўжар, қайсар одам."
Тарсоёқ,"Тўғрини ҳам эгри, дейдиган одам."
"Тахё, тейхо",Дўппи
Тахлаб қўй,"Боплаб қўй, Биронта гердайиб юрадиганни ақлли гап билан боплаб қўй"
Ташкил,Зиёфат
Тейзамин,Оқова сув йиғиладиган қудуқ
Тейип,Табиб
Тилгирамхона,Телеграф
Тилла,Олтин пул (3 сўм 60 тийин)
Тиммитдин,Туппа-тузик
Тирриқ,Тирик жонзоддан чиқадиган аҳлат
Тиртим,Жим-жит
Тиштирноқ,"Ерни ҳас-чўпдан тозалаш асбоби, грабля"
Товохдош,Бир идишда (товоқда) овқат ейдиган шерик
Тоза,"1.Тоза,озода 2.Янги"
Тозабоғ,Янги боғ
Той пахта,"Пахта тозалаш заводида даладан келган пахтадан чигити ажратилиб, маълум оғирликга келгандан кейин пресслаб, сим билан бураб сотишга тайерланган ҳолати."
Тойипи,Узумнинг хоразм нави-қишда сақланадиган
Тойлоқ,Яланғоч одам
Томодо,"Тўй, зиёфатни бошқариб борувчи одам."
Тоғма,Томға
Тоқ,Исирғани тақ
Тоқ-тоқ,"1.ХХ асрнинг 50-йилларигача қоратолнинг қуритилган шохидан икки дастани кесиб, силлиқлаб кечалари кўчаларда юриб, ўғрилардан сақлаш учун бир-бирига уриб тақа-тақ килиб юрадиган қоровулни ""тоқ-тоқ"" дейишган 2. Хива хонлигида қурилган электр движоги, бир цилиндрли бўлгани учун тоқ-тоқ этиб овоз берган. Уни ишлатадиган одам ҳам шу лақабни олган"
Томшониб ол,"Шошиб ишга кетаётган боласига онаси бирон нарса еб ол, оч кетма дегани"
Тонқо,Дуралюминийдан қуйиб ишланган сув қайнатадиган қумғон.
Топ ўзи,Худди ўзи
Тортанак (қирқоёқ),Ўргимчак
"Тос, тосдон",Бир баҳя қолди.
Тосир-тусир,"Бирдан, жаҳл билан ҳаракат қилмоқ"
Тосторхон,Буткул бузилган
Тошбосма,Литография
Тошканли,Тошкентлик
Тошо,Ташла
Трактр курси,Механизация билим юрти
Тўзвоқ,"Яканнинг гули, тўзғоқ"
Тўзғон,Эскирган
Туй,Тук
Тўқирди,"1. Қаердандир тўқирдаган овоз чиқаётгани 2. Калласи ишламайдиган, ахмоқ"
Тўқитқа,Йўл тагидан ўтадиган сув йўли
Тўққи,"Болалар киядиган оёқ кийими, тўққилаб овоз чиқаради"
Тулак одам,"Шайтонга дарс берадиган, муғомбир одам"
Тўлпи,Семизроқ бола
Тулуп,1.Туруп 2.Сабзавот сиқиб суви олингач қолган сувсиз эти.
Тўмазон,Қора қўнғиз
Тўмат,Туҳмат
Тунг,Сув қатнайдиган ва сақлайдиган балдоқли мис идиш
Тунка,Тўнка
Тўнқайиб дур,Букилиб тур
Тунт,Сўлғин ранг
Тунча,Темир чойнак ёки пластмасса офтоба.
Тўпиқ,Оёқ панжасининг юқори қисми
Тўпир,"Ҳаво таъсирида ва арвалар, машиналар ғилдирагиостида майдаланиб қолган чанг тупроқ"
"Тўрали (Гурлан
тумани)",Яхши
Турма қоғоз,"Жунаидхон чиқарган атлас пул, аҳоли тан олмаган"
Тўрсайиш,Қовоғини солиш
Тўрсиқ,1. Семиз болакай 2. Бўрсиқ
Туршак,Ширинлик (Конфет) тури
Тута,Ип ғалтаги
Тутанак,Тут қоқиб олиш учун махсус тикилган мослама
Тутатки,1.Тутатгич гиёҳ (исириқ). 2.Тутатиқ.
Тутинилмоғон,"Янги, фойдаланилмаган, ишлатилмаган"
Тутлиқ,Тутзор
Туфак,Узр сўраб сўзини қайтиб олиш
Туфлик,Тупук
Тухум,Уруғ
Тухуми- тажжинг,Уруғ-аймоғинг
Тухуминга қирон галгай,"Авлодингга, юртинга қирғин келгай деб душманга нисбатан айтилган сўкиш тури"
Тўшши,"Адан, оқова сув кетадиган чуқурлик"
Уввоғо боромиз,"Узоқларга бориб келамиз, ёш болаларга айтилади"
Ужжи,"Узум, болалар тилидан"
Узик,"Бир қисми йўк, бўлакланган, узилган, кесилган"
Узин,Узун
Узман,Манпарга ўхшаш таом. Хамири кичик ноаниқ шаклда бўлади.
"Узой, чўзин.",Найнов
Узол,Оёғингни чўзиб бемалол дам ол
Узотиб қўй,Кузатиб қўй
Узотиш,Кузатиб юбориш
Уй,"Тўпла, йиғ"
Уйинди,"1. Сут уйинди, қатиқ бўлди 2. Кўпчилик бир жойга уйиниб бирлашса кучли бўлади"
Уйитмоқ,Сутни ачитиб қатиқ қилмоқ.
уймок,ангишвона
Улйи (улги),Андоза
Улли,Катта
Улли,"Катта, ёши улуғ, мансаби улуғ"
Улоққон,1.Телба 2.Бебош
Улғори,"Узум, гулларнинг бир толини ерга кўмиб кўпайтирилган нахал, 1-3 йилдан кейин бошқа жойга кўчириб экилади"
Умак,1. Суякни бир қисми 2. Болани бешикка ётқизганда ишлатиладиган сийиш асбоби-сумак
Умма,"Сув, бола тилидан"
Упилдирик,"Пахтанинг толасининг ипга айланмайдиган қисми, чиқиндиси."
Урва,Хамир устига сепилган ун
Урди қочди,Ўйин тури
Ури,Сабзини сақлаш учун ковланган чуқур
Устар,Стол
Устина,Устига
Устихон,"Паловни бодёга соганда ошни устига қўиладиган гўшт, уни бўлиб ҳар кимга етадиган қилиб қўйилади"
Ут,"Уз (ипни, арқонни)"
Утик,1. Дазмол 2. Борини йўқ қилиб кўрсатадиган киши
Утиш,Ўйинда ютиш.
Утиш. Товуқ патини утиш.,"Юлмоқ, товуқнинг патини юлмоқ."
Ухи,Уйқу
Ухичи,Уйқучи
Ухичи,Хашоратнинг қишда дарахт танасига ёпишган пилласи
Учак,Том
Учи,Ўлик чиққан хонадонда жанозадан кейин учинчи куни ўтказиладиган маърака.
"Учиб тушдим, уйга кирганда сал сас бармисми","Тўсатдан олдидан чиқиб қолганда ёки бирданига орқасидан келиб қўчоқлаб олганда қўрқиб кетганини билдириш (юрагим оғзимга келди ёки юрагимни ёрдингку, ёки ўлиб қолсам нима қилардинг)"
Учинган,"Ошқозонга ёқмаган овқат тушиб ҳазм қиломасдан қайд қилади, хатто иссиғи ҳам чиқиши мумкин"
Учириб юбор,Ёш болани кечаси ярим уйқуда сийдириб қўйиш учун учириб юбор дейдилар
Учоёқ,Далада тарозини осиб қўйиш учун ишлатилади.
Учор,Учар балиқ
Учуқ,Ҳусинбузар
"Ушат, нонни ушат","Майдала, нонни бўлиб қўй"
Ушатиб бер (пулни),Пулни майдалаб бер
Ушир,Бу солиқ ижарага берилган ерлар учун белгиланган. Миқдори: 1) оёқ сувидан сўғориладиган ерлар учун ҳосилнинг ўндан бир қисми; 2) чиқир сувидан фойдаланиладиган ерлар учун ҳосилнинг йигирмадан бир қисми ўндирилган.
Ушитди,Совуқдан танаси совуққотиб қалтираяпти
Ушоқ,Майда
Ушоқ бола,"Ёш ўғлон, ориқ йигит"
Фестивалда Ҳинд раққосаси “ёмон зўр” ўйнади,“Ёмон зўр” – жуда зўр маъносида
Хамир қайзоқди,Салқинда хамирнинг усти қота бошлади
Харис,Корейс
Хива лангари,Пахлавон Маҳмудни Хиванинг лангари дейдилар.
Хийли,Ўзича муғомбир одам
Хилха,"Афтода, эскириб кетган кийим-кечак"
"Хина ёпар, (Хина ёқар)",Никоҳ тўйидан бир кун олдин ўтказиладиган қиз йиғини
"Хирмон,   хира- хирмон",Жуда мўл
Хирмони,Жуда чиройли-ола қизил рангда қаттиқ тўлишиб (вақт ўтиб кетса ширасидан торс ёрилиб кетадиган даражада тўлишади) пишадиган узум нави
Ходиим,Маҳаллада тўй-томошаларга айтувчи аёл
Хозорис (хозорос),Хозарасп тумани (ман хозориса гетдим)
Холаса,Хохласа
Холоқут атиб юрманг,Овора бўлиб юрманг
Хом,Ҳайвон териси
хом калла,миясини ишлатмаган
Хомм атади,"Ейди, тишлаб олади, болаларга айтилади"
хомсемиз,семиз одам
Хонанг ҳароб бўлғой.,Уйинг куйгай.
Хонўғил,"Фарзандни севиш, гўёки катта бўлсанг хон бўласан, деб севиш"
Хорвуз,Тарвуз
Хоровотий,Қўли очиқ
Хороз,Тегирмон
Хтир,"Эпчил, қўлидан келмайдиган иш йўқ."
Хўкки,Букрилик
Хўкки гўрда тўғриланади,"Букрилик, одам ўлгандан кейин гўрда тўрғриланади, аниқроғи уни тўғрилаб бўлмайди дейилганидир"
Хўлпи,"Мос эмас, катта, салқи."
Хумбузчи,"Хом ғишт, керамика идишларни пиширувчи уста"
Хуморвоз,"Қўчқор, ит, хўроз уриштириш кабилар билан шуғулланадиган одам"
Хумпак,"Сўкишни бир тури, ақлсиз маъносида."
Хумсо,Хунаса
Хуружли,Ғайратли
Хўстор- ҳовондор,"Оталикка олган, доимо хабар олиб турувчи, ғамхўр шахс"
Хусур олиш,Ўч олиш
Хўшамат,Мақтов
Ҳа ўлмагайсан,"Ҳа сени, ўлмагин болам, койишнинг энг юмшоқ тури."
Ҳавоза,Баланд деворларга ғишт теришда ёки сувоқ ишларида ишлатиладиган ёғочдан ёки темир трубалардан қилинган усқурма-леса
Ҳажжа,Ганч
Ҳажи ужи,Қўлнинг номсиз бармоғи
Ҳаз,Кайф-сафо
Ҳазат,Мазза қил
Ҳазатмак,Мазза қилмоқ
Ҳазварди,"1. Пахтадан тикилган иссиқ енгсиз кийим, уйда кийилади 2. Фойда берди"
Ҳалак бўлиб юрманг,"Аввора бўлиб юрманг, ўтиб кетади, бирон дўсти касалланиб қолганда аҳволи енгил бўлсада хабар олмоқчи бўлганга нисбат"
Ҳалла,"Шогирдликдан кейин, уста бўлишдан олдин ишлаб бериладиган вазифаларни бажарувчи. Кейин уста бўлар экан."
Ҳалол,Курашда ҳалол ютиш
Ҳаммаси бир гўр,Бир-биридан баттар
Ҳаммол,Бирор шахсни уйида хизматчи
Ҳамола,Гўёки унга ёқмасмиш
Ҳангги,Хотинбоз
Ҳансираб галди,Зўрға нафас олиб келди
Ҳаптак,"Ёш бола катталар ишига аралашганда, ҳа сени хаптак, бор ўйна деб қувадилар"
Ҳардамхиёл,Ҳаёлпараст
Ҳаррот,"Ёғочдан бешик, жўва, ўқлов ва бошқа буюмларни ясовчи уста"
"Ҳафтани биринчи, иккинчи, учинчи, тўртинчи, бешинчи,
олтинчи, бозор гунлари","Душанба, сешанба, чоршанба, пайшанба, жума, шанба, якшанба кунлари."
Ҳиқилловиқ,Ҳиқичоқ
Ҳово,Ҳа
Ҳовондор,Ғамхўр
Ҳоли қол,"Якка, ўзинг қол"
Ҳолқо,Сирға
Ҳондак,"Чуқурча, тагидан сув чиқиб турадиган очиқ қудуқ"
Ҳоридим,Чарчадим
Ҳосо,Ҳасса
Ҳўвиз,Ҳовуз
Ҳударган,Худойберган
Ҳўпиқиб,Сувдан ҳаво етмай зўрға чиқди
Ҳўпирди,"Мақтанчоқ, кибрли одам"
Ҳўппайган,"Шишган, тўлишган"
Ҳўппиш товуқ,"Қурка, қирғовуллар оиласига мансуб йирик қуш"
Ҳўш,"Хайрлашув, хайр"
Ҳўшрўй,"Ёқимли қиёфа, хушрўй, чиройли"
Чайм (ютим),Бир қултум сув
Чайм-Чайм,"Бу сув юзига ялпоқ тош ёки кесак отиб неча марта сув юзида қалқиб (сапчиб) юришини санайдиган ўйин. Чайм- чайм неча чайм, кимнинг тоши кўп марта сув устида сакраб юрса шу ютади."
Чак,Торт
Чакар,Қудуқдан челакни кўтариш учун қўйилган хода
Чакида,Чакки
Чакилиб ўтирма,"Меҳмонга борганда, уй эгаси: меҳмон олинг ўз уйингиздай ҳис қилиб ўтиринг, бемалол, тортинмай олаверинг."
Чакиш,"Сигарета, папирос чекиш"
Чакмон,"Кураш тушганда кийиладиган енгсиз чакмон, тўн"
Чандир,Гўштнинг чайналмайдиган қисми
Чанлаб гўр,Мўлжаллаб кўр
Чапак,Қарсак
Чапакай,Чапақай
Чартак,Бостирма
Чарчи,Бозорда майда чуйда уй асбобларини айрим қисмларини сотувчи
Чатилди,Алданди
"Чатилди, чатди","Алданди, алданиб қолди, алдади"
Чатиштириб юбор,"Алдаб юбор, адаштириб қўй, чалкаштир"
Чая,Қум
Чейил,Ажриқ
Чейна,Чайна
Чел,Суришдан олдин далани суғоришда олинадиган эгат
"Чеш, чеч
(гийим-ни, дуюнни)","Еч (кийимни, тугунни)"
Чешма,"Вақтинчалик ишлатиладиган, сув чиққунча ковланган чуқурча, очиқ қудуқ"
Чивиқ,"Чўп, қуриган дарахт новдаси"
Чивин,Пашша
Чивчи,"Ёш вақтимизда чойнак-пиёлалар синиб қолса уни чивчига олиб бориб тузатиб келардик. Пиёла еки чойнак иккига бўлинган бўлса, уларни бирлашадиган жойларини тешиб нозик қаттиқ сим билан маҳкамларди. Чойнакни тумшуғи синиб майдаланиб кетган тақдирда туникадан тумшуғини тузатиб қолган қисмига кийгизиб берарди. Янгидан сотиб олиш имкони бўлмаган у даврларда."
Чиғ,Шабнам
Чиғи,Мато тури
Чиғиниш,Кучаниш
Чиён,Ёмғир чувалчанг
Чизғамоқ,шимни пастки қисмини-болоқини тепага қарата буклаб тиззагача йиғиб қўймоқ
Чизим,"Нозик арқон, чилвир"
Чизмалама,"Бекорга чизмалама, бирон нарсага ўхшатиб чизишни ўрган."
Чий,Арқон ёки бошқа нарсани маҳкам ечилмайдиган қилиб боғла
Чий,Қамишдан тўқилиб алибастра билан сувалган намат. Хона шифти бир замонлар чийдан ишланган.
Чийин,Курмак
Чийит,Чигит
Чиқар (вақт ўтиб чиқир бўлган),"Чиғириқ, аслида сувни юқорига чиқариш маъносидан келиб чиқиб, чиқар дейилган"
Чиқир,Чархпалак
Чиқирчи,Қишлоқ номи
Чиққинжи,"Чиқим, харажат"
Чиқон,Дугона
Чилиб   юбор,Чалиб юбор
Чилиб ювар,Курашда оёғидан ол
Чилпимоқ,Ғўзани чеканка қилмоқ
Чилпоқ,Сув ичадиган кружка
Чимитлади,Чимчилади
Чимишка,писта
Чимрилма,Ҳафа бўлиб бетини мужмайтирганга айтилади
Чин ғалаба,Курашда қабул қилинган ҳалол ғалаба
Чингизни қири,"Ривоят қилишларича, Чингизхон Хоразмга бостириб келганида ҳозирги Питнак қишлоғида дарё бўйида тўхтаб дам оладилар. Аскарларга ҳар биринг бир ҳовуч тупроқ келтириб ташланглар, деб қирни кўрсатади. Катта баландлик пайдо бўлади, шу тартибда аскарлар сонига баҳо берган. Қайтишда ҳам шу ерда тўхтаб аскарларга олдингидай буйруқ беради. Бу галги тепалик олдингининг ярмисидан ҳам кам бўлади. Бу жуда кўп аскар йўқотганидан далолат. Шу қирлар ҳалигача мавжуд. Ибора пиёда учун узоқлик қилувчи манзилни ифодалайди."
Чингирик,Шакарқамиш
Чиплоқ,Камбағал
Чипра бўй,Қўлидан бирор иш келмайдиган фақат сумбати (савлати) бор одам.
Чиптир,"Ухлаб ётган болани кечаси уйғотиб чиптириб юбор дейишади, сий дегани"
Чирилломо,Бўлса-бўлмаса чинқирама.
Чиркай,Оқпашша
Чирмашган,Бир-бирига ўралиб кетган
Чирмовиқ,Бегона ўт тури
Читлош,Чигитни пахтадан ажратиш
Читмак,Камон
Читнамоқ,Чертмоқ
Читойи,Нозик табиат
Чиш атмак,"Кичкина хожатга чикиш, бола тилидан"
Чишди,Шишди
Чишиб ўла,"Баландпарвоз бўлиб ўл, осмондан келиб ўл"
"Чишши атдим (ёш бола
тилидан)",Сийиб қўйдим
"Чишшим галди
(ёш бола тилидан)",Сийгим келди
Чия,Олча
Чой,Қирғий
Чой қўйиб юбор,Чой ичайлик
Чоққи,"Пакки, йиғма пичоқ."
Чолвур,Шим
Чолиққон,Бирон нарсадан қўрқиб касалланган
"Чолим беради. У фалонкасга
чолим беради.",Ўхшаб кетади. У фалончига ўхшаб кетади.
Чолиш,Маҳалла номи
"Чолиштирмо
(феъл буйруқ м.)",Оёқни чалиштириб ўтирма
Чолов,Паловнинг бир тури
Чонголоқ,Пахтаси терилгандан кейин қуриб қолган кўсак.
Чопиштириш,Икки суюқликни аралаштириш
Чоптиришма,От ёки эшак миниб ким ўзарга пойга
Чор,Дуранг
Чорвойи,Бақир-чақир қиладиган жанжалкаш одам.
Чорқот,Сочоқли рўмол
Чорс,Ўжар
Чорсиллаш,Ўт ёққанда қуриқ ўтин чорсиллаб ўт учқунларни ҳар ёққа учириб юборадиган ҳолат
Чотлоқ,Дарз кетган
Чотон,Икки оёқ ораси
Чош-пош,Сочиб ташланган
Чошма,"Ўйлаб гапир, жиннилик қилма, валдирама"
Чўв,"Чоп, майдала, ёр, кес"
Чўвғон,Хом тут
Чўвғон,Тутнинг хом меваси
Чўвит,1. Эски кўрпа-тўшакдан чиққан пахта 2. Эзма одам
Чувон,Чипқон
Чуйчи,"Ўтган асрда чинни коса, чойнаклар синганида уларни елимлаб бир-бирига ёпиштириш хизмати кўрсатадиган усталар бўлган. Ўша касб эгаларига чуйчи, дейилган."
Чўкар (чўнгкар),Ағдар
Чўкди,"Сувда чўкиб кетди, сув тагидан чиқаолмади"
Чўкитка,"Чигиртка, зараркунанда."
Чўкиш,Болға
Чуклик,Бешикда ишлатиладиган сумак
Чўктириб ювар,Сувга босиб азобла
Чўққоймо,Гердайма
Чўқмоқ,Подачини чўқмор таёғи
Чуқолоқ,Чуқурча
Чуллик,Чиллак (ўйин тури)
Чўлонтой,"Эпсиз, қўлидан иш келмайдиган"
Чўлоштирмо,"Бир-бирига аралаштирмай бажар, баҳона топма, бажар."
Чўлпи,"1.Сувда қайнаган лағмон, чучвара ёки бошқа бир овқатни сувдан сузиб олиш учун симдан тўқилган чўмич. 2. Сувдан балиқни олиш учун дастаси бир-бир ярим метрлик ипак тўр маҳкамланган ҳалқа"
Чўм,Машъала
Чумиб чиқ,Шўнғиб чиқ
Чумириб суғор,Бостириб суғор
Чумирма,Сувга чўктириб қўйма
Чўмларни тайёрланглар,"Машъалларни тайёрланглар тез қоронғу тушади (тўй даврасига, балиқ овлашга)"
Чўммиқ,Оёқ ёки қўлнинг акашак бўлиши
Чуммоқ,Шўнғимоқ
Чўнгқир,Чуқур
Чунгул,Кўлни чуқур жойи
Чўнтиқ,"Гапга чечан эмас, мутаҳассислик даражаси паст"
Чўп пули,"Хива хонлигига қарашли ерларда қўй, туя боқиш учун 1 қўйга 5 тийиндан, 1 туяга10 тийиндан солиқ белгиланган. Уни “Чўп пули” дейишган. (яйловдаги ўт-чўп.)"
Чўп-чор,Хас-чўп чиқиндилари
Чўпла,Териб ол
Чўпламак,Териб олмоқ
Чўппиломо,Чўппиламай е
Чўрак,"Ачиган хамирдан тайёрланиб тандирда ёпилган қалин, шакли нисбатан кичикроқ нон."
Чурик,"Бузилган, чириган"
Чурик палов,"Паловнинг қозон тагига яқин, сабзиси яхши пишган ширин жойи."
чурри кулок,кулок супрасининг жуда кичики
Чуртик,Жуда майда
Чута,Суғорилмаган экин майдони
Чуш паса (ашақа туш),Пастга туш
Шайтон,"1.Иблис 2.Айёр, муғомбир, ўта ақлли одам."
Шайтон арава,Велосипед
Шакаша,Кўзанинг тури
Шакаша бўлиб гетибди,Арава ғилдираги айланадиган тешик каттайиб кетиб арава у ёқ буёққа ташланиб юради
Шақиқа бўлибди,Чаккаси учадиган касаллик
Шамоллаб келаман,Кичик хожат чиқариб келаман
Шаппик,Ҳар қандай ёпишқоқ модда (мас. конфет).
Шаппикдин одам,"Ўта киришувчан, уддабурон одам"
Шарава,Намакоб
Шивирғони узум,Қора кишмиш қилинадиган узум нави
Шивирдади,Қулоғига пичирлади
Шивирдап сўлла,Паст овозда гапир
Шиғир,Арава изи
Шикирдак,Кекирдак
Шилта сув,Жиққа сув
Шим...,"Болчингирикни шимиб, ширасини ҳазм қилиш"
Шипа уй,"Бир-бирига теккизиб ёнма-ён қурилган уйлар шипа жойлашган, дейилади"
Шипирмо,Фойда учун бировни алдайдиган одам.
Шиппа бориб кел,"Жуда тез бориб кел, бир оёғинг бу ерда, иккинчиси у ерда бўлсин"
Ширға кал,Бошида очиқ жой қолмаган кал
Шихлар,"Шайхлар, маҳалла номи"
Шқоп,Шкаф
Шовот,Туман ва каналнинг номи
"Шойи, аббос шойи, ярим шойи",Хива хонлигида ички савдода ишлатиладиган 10 тийиндан 40 тийингача пул бирликлари
Шоққилломо,Оғзи тинмай гапирадиганларни тўхтатиш
Шоққиллош,Ўйинда бармоқларни шаққиллатиш
Шоқоқломо,"Тинчийсанми, йўқми"
Шоммирот,"Тирбанд, бир жойга жуда кўп одам йиғилгани."
"Шомоллатиб қўйма, гийимини гийиз","Болани кийинтириб ол, шамоллаб қолиши мумкин, кўча салқин"
Шоппот,Шаполоқ
"Шоппотдин (бола, нон)",1.Ёш бола 2. Бир бурда нон (ризқ маъносида)
Шорловуқ,Шаршара
Шоровор,"Мактабда ўқиётганимизда шим ўрнига оддий қора матодан ҳозирги уй шароитида киядиган узун икки почали иштонга ўҳшатиб шоровор тикиб берар эдилар. Уни пастки қисми, болоқига резинка ўтказилган бўларди."
Шотуршутир,"Дарров, тезда."
Шуллик,Зулук
Шундин,Шундай
Шундин,Худди шундай
Шундинлай бориб келаман,"Бораману-келаман, бормаса ҳам бўладиган ҳолат, қуруқ бориб, қуриқ қайтиш"
Шўртак,Шўр
Шўртак,"Тўй оши пиширилаётганда қовурилган гўшт бўлиб, шу гўштнинг бир қисми тўйда хизматда юрганларга тортилади."
Эваши,"Гавдасига мос келмайдиган кийимларни кийиб юрадиган, кўриниши ёмон одам"
Эвон,Айвон
Эгнинга иссироқ нарса гий,Кўча салқин иссиқ кийим кийиб ол
Эйём битди,Қачон эди бажарилганига
Эйин,Эгни
Эйинбош,Кийим кечак
Эйип,Айб
Эйламак,Кечиктирмоқ
Эйланмак,Кечикмоқ
Эйпингни ёпғой,Айбингни яширгай (Худони ўзи айбингни кечирсин)
Эланмак,Ялинмоқ
Элгазар,"Бир вақтлар бир элатда ёки қишлоқда элак камлигидан ундан навбат билан фойдаланганлар –эл кезиб юрган, шундан элгазар сўзи келиб чиқган"
Элот,Маҳаллани бир қисми
Эндар,Ағдар
Энмак,Бир тарафга оғмоқ
Эрилма,"Эркаланма, ўзингдан кетма, суюлма."
Эрон,Айрон
Эртанг,"Эртангги кун, эртага."
Эт (гўш),Гўшт
Этёжи,Мабодо
Этёжинг борми,Тўйга ёки ёмон кунлар бўлиб қолса харажатга етарли имконинг борми
Эчкамар,Эчкемар
Эш,Ипни эшиб бер
Эшак ори,Қовоғори
Эшик,"Уй, ҳовли олдидаги ер, ташқари, кўчани бир қисми, эшикни супириб қўй"
Эшика чиқиб галаман,Хожатга чиқиб келаман
Эшикочар,Қизнинг уйида ўтказиладиган фотиҳа тўйи
Эшкан,Терига чиқадиган тошма
Эшмак,Эшкак билан сувни эшмоқ
Эшонравот,"Эшонработ кўли, ипак йўлидаги эшонлар яшайдиган худуддаги работ кўли."
Эя,Эга
Эялик,Эгалик
Юварма,Юборма
Юволиқ,Нишонлайлик
Юз кўримлик,Бола туғилганда кўришга келганлар бирон буюм ёки пул ташлаб гўдакни кўриб чиқадилар
Юзи тулумдин бўлди,Жаҳли чиққанидан юзи қизариб кетди
Юзиб билимман,Сузишни билмайман
Юзик,Узук
Юзикишдингми,Биронтасига даво қилган одам билан юзма-юз учрашиш лозимлиги
Юзиқорачилик,Кимдандир тили қисиқ бўлиш
Юзум,Узум
Юқи,Қозонда қолган овқатнинг юпқа қолдиғи
Юқи,"Идишда ёки қозонда овқат қолдиғи, изи қолган холат"
Юлик,Илик
Юмоқ,Қизчаларнинг тароқи сақланадиган берк идиш
Юмуриқ,Мушт
Юмурта,Қуш тухуми
Юпат,Йиғлаётган болани бирон нарсага машхул қилиб йиғидан тўхтат дейилгани
Юрак домор,"Юрак томири, кўк томир, вена"
Юракни қуртини ўлдир,Талаб даражасида бажар.
Юри,"Юр, кетдик."
Юринг аса,Юринг (кетдик) бўлмасам
Юха,"Тўйганини билмай овқатни кўп ейдиган, қанд каслига чалинган одам"
Янгориқ,Янгиариқ
Ярим охшом,"Тун, ярим кеча"
Ярим охшом бўлди,"Пешиндан кейин ухлаб қолганларни, тур, ярим охшом бўлди, шомда ётмайдилар деб уйғотадилар. Бу намоз вақти келганлигини билдириш бўлса керак"
Ярим ўддиқ,"Олтинчи кун, шанба"
Ясомо гап,"Бўлмағир, ўйлаб топилган гап."
Яхши,Майли
Яхшивилон,Яхшига ўхшаяпти (Йигит қиз билан учрашгандаги хулосаси)
Яхшидин,Яхшига ўхшайди
Яхшом сан бо акансан,Яхшиям сен бор экансан
Ўва борамиз,Овга борамиз
Ўвалиқ,"Посёлка, одамлар яшайдиган кичик ҳудуд"
"Ўвжик(Урганч) (ўвжик печенье, ўвжик тарвуз
мағзи)",Қуруқ ва тез увилувчан.
Ўвиз барак,Сигир туққандан кейинги оғиз сутидан қилинадиган барак
Ўвилган,Майдаланган
Ўвич,Ҳовуч
"Ўвишди, оёқ ўвишди.",Уюшди (оёқ уюшди)
"Ўвли, бу ўвлироқ","Яхши, бу яхшироқ"
Ўдин айриб қўй,"Ўтин майдалаб қўй, қуриган дарахт новдаларини майдалаб қўй"
Ўдин бўлгайсан,"Сўкиш тури, ўтин бўлса ёқишга ярайди"
Ўдин қола,Ўчоққа ўтин ёқ
Ўдин ойир,Ўтин ёр
Ўдин супса,"Ўтин супирги, кўчаларни супиришда ишлатиладиган қўпол супирги"
Ўжак,Бузоқ
Ўжоқ,Ўчоқ
Ўзак домор,"Ўсимликнинг ўзаги, катта томири"
Ўзина ониқми,Турмушга чиқаётган қизни шундай суриштиришлари мумкин
Ўзли ўзимиз,Бегоналар йўқ
Ўй,Уй
Ўйдалоқ,Чуқурча
Ўйилон,"Беозор, уйларда яшайдиган заҳарсиз илон."
Ўймоқ,Ангишвона
Ўймонмин тез чиқ,"Кўп ўтирма, тезроқ чиқ"
Ўйпанма,Тезроқ кел
Ўксинди,"Ҳасрат чекди, хафа бўлди."
"Ўксирик, ўскирик",Йўтал
Ўксирмак,Йўталмоқ
Ўкча,Товон
Ўлатизино,Отаси номаълум
Ўлё,Қабристон
Ўли-диринг йўқ,"Бормисан, қаерларда юрибсан?"
Ўлимсик ( утик),Зиқна одам
Ўлимтик,"Нимжон, кўримсиз"
Ўлиювғичи,Ғассол
Ўлтанг,Даланинг сув ичмаган жойи
Ўғлини касибди,Ўғлини суннат қилибди
Ўқл ураман,Укол қиламан
Ўма-тўма,"Бутунлай, буткул."
Ўмма,"1. Дўппини тепа қўйиб кийиш 2. Баттар бўлсин, қилиғига яраша жазо"
Ўмраб гетган девор,Девор пахсаси ёки ғиштларининг намликдан ёки шўрликдан емрилабошлаган холати
Ўмча,Қаттиқ ўтин
Ўнгишиқ,"Ўртача, қониқарли ҳолат"
Ўнгиштир,Қўллаб юбор (феъл буюруқ майли)
Ўнгординг,"Бажардинг, эпладинг, бопладинг."
Ўп,"Ўпгин, бўса ол"
Ўр,1. Қалъа атрофида душмандан сақланиш учун қазилган чуқурлик (Хивада Ўр элати ҳам мавжуд); 2. Бўйин эгмайдиган одам
Ўра,Устун
Ўрам,Маҳалланинг ёки кўчанинг 50-60 та уй жойлашган қисми
Ўрмак,"Асосан, ғишт теришга нисбатан ишлатилади."
Ўроқ,"Буғдой, шоли ўрими"
Ўрпонг,Қумлоқ тупроқ
Ўрта дарак,Қўлнинг ўрта бармоғи
Ўртаёп,"Қишлоқ номи, унча ката бўлмаган ёп"
Ўртик,Бешик устига ёпиладиган ёпинчиқ
Ўртим,Оғизини бир марта тўлдиришга етадиган сув
Ўртоқ,"Ўқитувчи, муаллим."
Ўсин,Сўнгра
Ўсмоқ,"Тозаламоқ, пўстини олмоқ. Асосан балиқ тозалаш маъносида ишлатилсада, тилиб ёки тирнаб қонатмоқ маъносида ҳам ишлатилади"
Ўсмоқламин сўлла,Гапни чайнамай гапир
Ўсси вахда,"Бошқа вақтда, керакмас вақтда қилинган ҳаракат, иш ҳақида."
Ўстирма,Пахтани бўйига кўп ўстирма
Ўт,Ўтгин
Ўт-юк,"Дазмол, ёшлик чоғимиздаги дозмолларнинг устки қопқоғи очилиб чўғ (кўмир ёки ўтинни чўғи) билан пастки қисми тўлдириларди. Чўғнинг иссиғида дазмолнинг чўяндан қуйилган қисми қизийди, кейин кийимлар дазмолланади. Дазмолни, ўт-юк дейилишининг сабаби ҳам шунда-ўтни юкла дегани. Балки русчасига “утюг” шундан келиб чиққандир."
Ўтирибмисан,Ўтирибсанми
Ўтиришма,"Гап, дўстлар йиғини"
Ўтистириб қўй,Кимлигингни кўрсатиб қўй
Ўтлашди,"Зўрайди, ҳаддидан ошди"
Ўтлаштирмак,"Ҳаддан ошириб юбормоқ, ёмонлаштирмоқ"
Ўтоғ,Далани бегона ўтдан тозалаш
Ўхшатип ювар,Ўрнига қўйиб қўй. Бир боплаб қўй
Ўч,Овозингни ўчир жим бўл
Ўчирик,Ўчиргич
Ўчирит,Навбат
