dialect,literary
abzal,afzal
av ºzlamaq,
av ºrtmaq,
ayd ºn,1. oydin ; 2. kulnig qamishsiz chukur joyi
ayiq,uyg ºoq; tetik
ay ºl,korinbog 
ay ºlmaq,Xushga kelmoq
ay ºrmaq ,1. ayirmoq 
ay ºt,xayit:
ayqal º-uyqali,ayqash-uyqash
aylanjiq,aylanch.
aylanma,1. suvning
aylanch ,1. aylanma
aymaq,1. tuzatmoq tartibga solmoq; 2. tartibga chaqirmoq. jazolamoq: 3. davolamoq
ayna,
ayraliq,ayriliq
ayr ºt ,1. ochiq; dadil
aqqin,suvning kuchli
aqlav,1- oqalav.
akl º-qaral º,
aqliq 1,1. yaxshilik: 2. qiznikidasovchilarga beriladigan tortiq; 3. biror kishining ulganiga yil tulgach
aqliq 2,1. tomizg ºi
aqt ºq,
ala,
alant ºrmaq ,olaytirmoq: 
alan ,1. bekor yotgan yer
alat ºrmaq,
alacha,yung yoki paxta solib tikilgan tushak.
alb ºramaq ,alv ºramaq.
alv ºramaq,1. valdiramoq
al ºsht ºriq,
alma,olma: almal—ãq - olmazor; bash- urdak“£ing bir turi.
alm ºt,10. olmurut
alchaq,epchil. chaqqon
aman,omon
and ºmak,3 - and ºmaq.
andu:ch º,a“£du : ch—å
aqal,1. Urgenchqning katta turi (tishsiz) 
aqarmaq 1,1. boshqarmoq: b—år ”©j”ôkn—å a“£aralmad º“£av
aqarmaq 2,darrov tushunmoq tez anglamok:
aqarmak3,alanglamoq.
aqd ºmaq ,
andu:ch º,poyloqchi: josus
aqiz,1. ekin oligandan keyin bush qolgan yer; 2. ekilmay qolgan yaroqlier.
aqir,nargi: qovunn º a“£—ãrs ºnnan al (Bogot
aqirmaq,xangramoq
aqlamaq,1. tushunmoq
apa,oyi(uz tuqqan onasi);
apaya,opa-singil;
apayali,opa-singilli:
apparmaq,
aran,molxona
ara ,ora
aralamaq,yarashtirmoq
arach ºlamaq ,1-aralamaq
arba,arva
arg ºa,arqoq.
arg ºi ,narigi
ardana,bolmoq
arja,1. archa; 2. kichik sandik 
arzaqlamaq ,ardoqlamoq
arza ,1.ariza ; 2.Xiv 
ari-b”ôri ,nariberi.
arig º ,1.toza
ar ºlmaq,tozalanmoq
ar ºtmaq,tozalamoq
ar ºsh,arava shotisi
aryaq,aryan
aryan ,narigi tomoi u yoq
arqa,1. orqa 2. shimol
arqav,
arqay ºn,
arqal º,1. Kumakchisi bor (odam); 2. jinparilari bilan aloqa qiluvchi
arqaliq,1. tirkish (ikki uchi aravaning ikki shotisiga bog ºlanib
arqan ,ip
arqanl ºq ,
arm ºt ,
arna,anxor
arriq ,oriq
arromal ,Qizil rumol 
artiqmach,ortiq
aru:,guzal
archa,
as,foyda bermoq
as ºl-as ºl,1. uzini osib uldirish kasali 
astan,
”ôv”ôl”ôm”ôn,"bolalar o ºyinida aytiladigan qo ºshiq""ning boshlanishi"
”ôv”ôr”ôk,buloqi
”ôv”ôch,1. ikki yashar qo ºy
”ôvdik,mayda
”ôvird”ôk, o ºrdak
”ôvm”ôr,anqov
”ôvrindi,yevr—ånd—å
”ôvs”ôr”ôq,sarson
”ôgirm”ôk,”ôy—årm”ôk
”ôg ºrt I,yakansimon o ºsimlik
”ôgri-“Øgri,”ôyr—å-“Øyr—å
”ôgl”ôm”ôk,”ôyl”ôm”ôk
”ôgl”ônm”ôk,yeyl”ônm”ôk
”ôdik,etik
”ôdra,past-balandlik
”ôdr”ômk”ôsh,"1. bangi; parvoyi-palak_x000D_
2. katta juvoldiz"
”ôdr”ôsm”ôn,isiriq
”ôz”ôli,azaliy
”ôy”ô,ega
”ôy”ôr,yey”ôr
”ôyiz,”ôki:z
”ôy”ôrl”ôm”ôk,egarlamoq
”ôyin,yelka
”ôyirm”ôk,yigirmoq
”ôyirt,”ôg ºrt II
”ôyit,ay ºt
”ôyyam”ôjis,ayyamej—ås
”ôyl”ôm”ôk,"1. kechga qoldirmoq, yo ºldan to ºxtatmoq_x000D_
2. kechikmoq"
”ôyri,egri
”ôyri-uyri,egri-bUrgenchi
”ôk”ô,ota
”ôk”ô-toqa,opoq-chopoq bolmaq
”ôki:z,egiz
”ôksilm”ôk,"1. o ºksimoq_x000D_
2. qiynalmoq, azob chekmoq_x000D_
3. xafa bo ºlmoq, qayg ºurmoq, xafa qilmoq"
”ôl,qo ºl; bag-qo ºlbog º
”ôl”ôm”ôk,"1. elamoq_x000D_
2. g ºiybat qilmok"
”ôl”ôp”ô,arafa
”ôl”ôs”ô,bo ºlmasa
”ôlb”ôt,elb”ôtr”ôk- yaxshirok
”ôld,old
”ôldikch”ô,olyopqich
”ôlli,ellik
”ôlp”ôt”ôk,”ôll”ôt”ôkt”ô-y”ôll”ôt”ôk- mehmondo ºst bolmaq- parvona bo ºlmoq
”ômg”ôk,mehnat
”ômdam,g ºildirak qosqogi- ga birkitilgan yog ºoch
”ômj”ôk,emchak
”ôn”ô,ona
”ôn”ôlik,o ºgay ona
”ôndam,pardoz
”ôndik,"1. g ºash, qitiq_x000D_
2. xalaqit"
”ôndir”ôtm”ô,zinapoya
”ônz“Ør“Øg,nodir
”ôqnap,i:d”ô-chilon jiyda
”ônnik,yetilmag ºan tuxum
”ônshir”ôk,k”ônsh—år—åk
”ôq”ôk,"1. iyak,_x000D_
2. o ºjar, qaysar; ”ô“£”ôkl—åk o ºjarlik"
”ôq”ôl,tegirmon toshi ustiga qo ºyiladigan og ºir narsa
”ôqilm”ôk,egilmoq
”ôns”ô,orqa tomondan boshning bo ºyinga tutashgan yeri
”ôp”ôshl”ôm”ôk,"1. oro bermoq, bezamoq_x000D_
2. avaylamoq, ehtiyotlik bilan ish ko ºrmoq"
”ôpkin,shabada
”ôpl”ôm”ô,qo ºl uchida ish qiluvchi; amal-taqal
”ôr”ôv”ôk,”ôv”ôr”ôk
”ôrg”ôn”ôk,panjara
”ôrik I,o ºrik
”ôrinj”ôk,erinchoq
”ôryan,aryan
”ôrili-berili,nari-beri
”ôrnap º,”ônnap
”ôs,”ôtm”ôk -e ºtibor etmoq: diqqat qilmoq
”ôsv”ôk,”ôsp”ôk
”ôsirm”ôk,"1. mast bo ºlmoq_x000D_
2. gerdaymoq"
”ôsp”ôk,man º
”ôshsh”ôd”ôraz,"1. qo ºg ºirchok uyini_x000D_
2. haddan tashqari novcha"
”ô:k I,ohak
”ô:k II,g ºildirak qasqonini tashkil qilgan yogoch parchalari
babaq ,
bab ºr,
bav ºr,jigar
bav ºrsak,bu:rsaq
bag ºala,bag ºalar
bag ºalar,bolalar
bag ºana I,boya
bag ºana II,
bag ºdash,chordona
bag ºinmaq,baq—ãnmq
bad II,tez
badamcha,
badya,sopol tovoq
badlanmaq,kuchaymoq
badraq,bodring
badri:n,badran
baj ºman,
bajraymaq,baqraymoq
bay ºz,bois
bayavl º,boyo ºg ºli
bayaq,boya
bayja,ba:ja
bayqamaq,payqamoq
baylamaq,boglamoq
bayraq, 1. bayroq. 2. mukofot
baqay,
baqalaq,
baqan,1. ustun; 2. tirgak
baqachanaq,chig ºanoq
baqinmaq,
bal,bol
bala,
balar,
baldaq,
bald ºz,erning qiz ukasi
balqi,baliq (tut)
balch ºn,go ºzal
bar ºshmaq,
barlamaq,
barl º,
barmaq, I. bormoq; 2. barmoq
bas,b”ô:s
bas ºrmaq,bostirmoq
bas ºrig º,bast ºr—ãg º
bast ºrig º,
bast ºrmaq,
bat-bat,kaltakesakning katta turi
bat ºl,
batl º,bad
batman,qadoq
baxchaxana,bolalar bogchasi
basharmaq,
bashqalashmaq,boshqa-boshqa bulmoq
bash,bosh
ba,bor
ba:va,chol
ba:ja ,boja
ba:zar,bozor
ba:lar ,balar
ba:m,bu ham
 ba:na I,bahona
 ba:na II,bu yonga
ba:sha,
b”ôg”ônm”ôk,sevinmoq
b”ôdr”ôq,badra“£
b”ôdroy,xunuk
b”ôjik,qo ºzichoq (bolalar tilida)
b”ôk,mahkam
b”ôkishm”ôk,yopishmoq
b”ôkl”ôm”ôk,yormoq
b”ôlli,
b”ôndirya, ajralish joyi
b”ôr”ôk,
b”ôrgisiz,bermas
b”ôt”ôl,battar
b”ôt”ôn,b”ôt”ôn”ô get—årm”ôk
b”ôh”ôn”ô,ba:na
b”ô:jik,b”ôj—åk
b”ô:n”ôg”ô,mabodo
b”ô:s,bahs
bev”ôriy,mabodo
bed”ôv,argumoq
bed”ôvl”ôt,
bej”ôriksiz,lapashang
bejin,
bez,bo ºz
beyd”ô,bu yerda
beyi,behi
beyik,baland
belbuv,
g”ônj”ô,kenja:
g”ôrdan,mayda kamishdan tigiz klib to ºkiladigan savat (odatda yirik don solinadi).
g”ôrdan,olifta;tannoz.
g”ôchchi,
g”ôchchi.2.,kallavaram:
gech”ôkiy”ôv,
gechchi,echki:
gijik,kichik savatcha (ichiga non
gijim”ôk,kichimok:
giy”ôv,kuyov:
giy”ôv”ônt,
gil”ô,
gi:zl”ôm”ôk,yaashirmok
gi:zla”ôj”ôk,balalar o ºyini(bekinmachok).
gi:l”ô,
g”©g”ôyin,
g”©z”ôn”ôk,vlak
g”©y ºk,kuyuk; 2. dog º:
g”©yim ,
g”©yindik,kuygan
g”©ym”ôk,kuymok.
g”©n”ô,
g”©n”ônm”ôk,yalgimoq:
g”©n”ôrm”ôk,eskimok.
g”©r”ôsh,
g”©rdik,moldunyo:
g”©rim,ko ºrgilik. Kismat.
g”©rlaq,go ºriston
g”©:ja 1.,go ºja (ovqvt).
g”©:ja 3.,tutning bir turi.
g”©:sh”ôm”ôk,
g“Øb”ôl”ôk,
g“Øbi,Mig º.
g“Øg”ôyin,
g“Ød“Ørdi,guldur-guldur
g“Ød“Ørl”ôm”ôk,guldrmok:
g“Øz”ô,ko ºzacha
g“Øz”ôram,kayikni
g“Ølv”ônt,xotin-kizlarning bo ºyniga takadigan bezak.
g“Øldirma:ma,momakaldirok:
g“Ølliyan ,kuvutka (ko ºlga chikadigan yara).
g“Øltarash,yangi urilgan paxsa devorga bezak tushiradigan asbob.
g“Ølisham”ôk,kulishmok; 2. kula boshlamok:
g“±nr”ôm”ôk,indamas.
g“Øpi,
g“Øppi,kiska paxtalik kamzil.
g“Ørin,
g“Ørrinl”ôm”ô,suxbat; 2. maslaxat:
g“Ørrinl”ôshm”ôk,so ºzlamok
g“Øchk”ôv,ich kuyov:
g“Øt-g“Øt,pichir-pichr
g“Øtg“±tl”ôshm”ôk,pichirlashmok
g“Ø:chkiy”ôv,
g ºabr ºshmaq,yanglishmok
g ºavacha,1. uzun tolali paxta 2.=g ºo:vacha
g ºalag ºarva,
g ºal”ôk”ô,tamba (ikki uchi ikki tomondagi devorga tiqib qo ºyiladigan uzun yog ºoch)
g ºarr ºm,
g ºij ºm,
g ºiljaymaq,tutilib gapirmok (mastlarga xos)
g ºir~volmaq,girgiton bo ºlmoq
g ºirav,ip
g ºishsha ,qamish (ichi to ºk qamish)
g ºolagir,tom ustiga guvala qilib bostiriladigan loy
g ºolangir,
g ºolacha,1.g ºo ºlacha; 2. kichik ko ºza
g ºomcha,4.=omcha
g ºopa,qamishning o ºsib turg ºani
g ºora,1. pishimagan
g ºoralaiaq,go ºra bo ºlmaq; meva solmoq; 
g ºoch,
g ºuvush,
g ºudalaq,pakana
g ºuluq,o ºrik
dabb º,dobb º
dabr ºnmaq,davr ºmaq
dav,dava
dava 2,duo
davacha,tumor
davr ºqmaq,asovlanmoq
davr ºnmaq,1. ho ºmraymoq
davshan,tavshan
dag ºilmaq,tarqalmoq
dag ºimaq,daql—ãmaq II
dag ºin,...da (bog ºlovchi-yuklama)
dadav,tik
dad ºmaq,tatimoq
dayav,1. kema tayogi (kemani suv o ºtasig ºa yo ºnaltirishda qo ºllanadigan uzun tayoq-shest). 2. ishchan; chayir (odam)
dayamaq,suyamoq
day º,da:y º
day ºnmoq,siypanmoq
daqqi,daqma II
daqma I,yolg ºonchi
dal I,1. tol (xodasi)
dalan ,yo ºlak xona:
dalv ºramaq,behuzur bo ºlmoq:
dald ºramaq,dalv ºramaq
damavcha,1. tamaqcha
damaqlashmaq,ovqat kilishmoq
damaqsav,xo ºra
damar,1. tomir
dam ºzliq,aql—ãq
damliq I,xaborlik
damliq II,aql—ãq
daqg º ºm,tos; tog ºora
daqimaq I,tangimoq
dang ºimaq II,tugamoq
daqisht ºrmaq,dong º—ãsht ºrmaq
dar I,tor
darg ºa,kapitan
dar º,tariq
dar ºlmaq,yulamoq
dar ºmaq,ko ºmaklashmoq; dalda bermoq
daryan,d”ôryan
darxan,ozod
dasqar,chumchuqning bir turi (odatda bolalar saqlab
daslamaq,1. qirmoq
dasmal,qozon yuvg ºich
da:r,1. dor (o ºyin) 2. kiyim osadigan dor
da:r º,dori
d”ôbl”ô,d”©vl”ô
d”ôv I,d”©v
d”ôv II,d”ôp”ô“£“£—ås—ås - to ºxtovsiz
d”ôvl”ô,d”©vl”ô
d”ôvm”ôk,d”©vm”ôk
d”ôvri,telpakning bir turi (tepa va quyi qismi bir xilda bo ºladi)
d”ôg”ôl”ôy,qalpoq
d”ôgdi,etik ichidan kiyadigan yung paypoq
d”ôgish,yemirish
d”ôgishm”ô,hazil
d”ôyval,di:val
d”ôyil,d“Øg“Øl
d”ôym”ôk,tegmoq
d”ôk,tek
d”ôk”ôn”ô ,t”ôk”ôn”ô
d”ôkv”ôrd”ô,tezda
d”ôlv”ô,telba
d”ôll”ôm”ôk,terlamoq
d”ôlli,qo ºshmachi
d”ôllik,1. kigizning bir turi; 2. terlik (to ºqim ostidan qo ºyiladigan kigiz parchasi) 
d”ôlt”ôk,o ºsimlikning bir turi (tuya tovon)
d”ôltir,o ºsimlikning bir turi
d”ôm ºr,temir
d”ômk”©t”ô,1. harsilloq
d”ômrilm”ôk,termilmoq
d”ôqg”ôn”ô,gap
d”ôndir”ôm”ôk ,daydimoq
d”ôq,teng
d”ôql”ôm”ôk ,tenglamoq
d”ôq”ôn”ô,d”ông”ôn”ô
deqs ºm”ôk,tenglamoq
d”ôp”ô,1. tepa
d”ôp”ôl”ôsh,tepalash
d”ôp”ôq,baland bo ºyli
d”ôpm”ôk,tepmoq
d”ôpk º,1. tepki; at d”ôpk ºs º 2. tepki m ºlt—ãq d”ôpk ºs º; 3. pix: xoraz d”ôpk ºs º (Xiv
d”ôpm”ô ,1. sholi tuyadigan katta o ºg ºir (unga ot
d”ôra:z,novcha (odam)
d”ôr”ôk,terak: boy º va: 
d”ôr”ôch”ô,uy devorining yuqori qismida shamol kirib turishi uchun qo ºyilgan maxsus teshikcha
d”ôris,d”ôrs
d”ôrya,doira
d”ôryan,xonaki o ºchoq oldida o ºtirish joyi
d”ôry”ô,deyra
d”ôrp”ônm”ôk,qimirlamoq
d”ôrr“Øv,darrov
d”ôrs,go ºng
d”ôsv”ôrd”ô,uqlovning kichik turi
d”ôsmal,dasmal
d”ô:li,jinni
deydi-deym”ôdi,o ºta yolg ºonchi
dey ºmsiz,tegdirmas
deyishm”ô,d”ôg—åshm”ô
deym”ôk,d”ôym”ôk
deyra,daryo
delch”ô,d”ôrch”ô
desh,tashkari
diggild”ôm”ôk,kuchli qaltiramoq
digdir”ôm”ôk,d—ågg—åld”ôm”ôk
digir,chig ºiriqning qasnogiga birkitiladigan xurma shaklidagi idish
digirj”ôk,g ºildirak
digirm”ôn,d—åy—årm”ôn
digirch”ôk,d—ågerj”ôk
diye,tuya
diyirm”ôn,yorg ºuchoq
diy“Ø,tergov
dik,tik
dikl”ônm”ôk,tikilmoq
diq,chek
dirk”ô,omochning qulog ºi
di:v,tup
di:val,devor
di:z,tizza
di:m,jim
di:nm”ôk,tinmoq
di:nch,tinch
di:r”ôv,tirgak
di:r”ôm”ôk,tiramoq
di:ri,tirik
di:t-di:t,tit-pit
di:sh,tish
d ºg ºiriq,tor ko ºcha
d ºyg º,chek
d ºm,1. juda
d ºmarmaq,ortiq charchamoq: pay qap ºlg ºanay
d ºmjiqmaq,hidlanmoq
d ºnmaq,du:nmaq
d ºnnaq I,tirnoq
d ºrlamaq,1. dirillamoq; 2. jirillamoq
d ºrnaq,d ºnnaq
d ºshan,deshan
dobb º,qorni odatdan tashqari katta (odam
dovul,shamol
dovr ºnmaq,davr ºnmaq
dog ºma,1. cho ºridan (quldan) bo ºlgan o ºg ºil (eski); 2. o ºg ºil
dog ºmacha,o ºg ºilcha
dog ºmaq,tug ºmoq
dog ºrama,ovqatning bir turi
dodaq,lab
dodd º,beparvo; anqov
doqqiz,to ºqqiz
dolanmaq,qayrilmoq; egilmoq
dom,to ºng; o ºjar; ~boy ºn - o ºz so ºzli
doq,1. muz; 2. ...gacha
doqmaq,sovqotmoq
dopp º,topp º
dost ºrxan,dasturxon
doxsan,1. to ºqson; 2. qishning boshi (noyabr—å oxiri va dekabrning boshi)
do:l º,to ºla
d”©v,dev
d”©vm”ôk,tuymoq
d”©vo ºl,yog º idishi (odatda yog ºoch yoki qovoqdan bo ºladi)
d”©vl”ô,d”©v“Øl
d”©gm”ôk,d”©vm”ôk
d”©kim,mahalliy o ºg ºit
d”©kin,d”©k“Øm
d”©l”ô,1. bostirma; 2. kulba; uy
d”©nm”ôk,1. aynimoq
d”©r”ôm”ôk,vujudga kelmoq
d”©r”ôtm”ôk,yaratmoq
d”©rim”ôk,d”©r”ôm”ôk
d”©shek,tushak
d”©shik,teshik
d”©:zm”ôk,chidamoq
d”©:ch”ô,du:cha
duva,dava II
d“Øvaq,qopqoq
duvacha,davacha
duvachiq,bolalar do ºppisiga taqiladigan bezak
duvtar,du:tar
dudaq,dodaq
duz,cho ºl
dun ºmaq,tinmoq
dun ºtmaq,tinitmoq
duramaq,urchimoq
dushlashmaq,dush—ãqmaq
dushiqmaq,duch kelmoq
du:z,tuz
du:niq,xira
du:nmaq,xiralashmoq
du:sh,1. duch
d“Øvd”ôn,d“Ø:d”ôn
d“Øgil,tugul
d“Øgilm”ôk,tiqilmoq
d“Ødm”ôk,chidamoq
d“Øzgit,asbob
d“Øzig,tartib
d“Øziy,tevaragiga bezak (munchoq) osilgan do ºppi
d“Øz“Øm-d“Øz“Øm,tizim-tizim
d“Øzm”ôk,sozlamoq
d“Øz“Øv,d“Øz ºy
d“Øzilm”ôk,tizilmoq
d“Øym”ô,tugma
d“Øy“Øn,tugun
d“Øyur ,d“Øg“Øl
d“Ølli-d“Ølli,turli-tuman
d“Øllim”ô-dulli,d“Øll—å-d“Øll º
d“Ømp”ôk,tomm—ãq
d“Øq,t“Ø“£g—år
d“Øqki,to ºnka
d“Øn“Øl,tunukadan qilingan s“Øt idishi (bidon)
d“Ør“Øsht”ô,beda bilan somonning qorilgani; terit
d“Ø:d”ôn,1. kichik savatcha (baliqchilar asbobi); 2. non
d“Ø:dik,surnaycha hushtak (tolning po ºstog ºidan yoki t“Øn“Økadan yasaladi)
d“Ø:n”ôk,tuynak
d“Ø:nik,tuynuk
d“Ø:tk”ôsh,1. mo ºri
d“Ø:sh,tush 
zab ºyi,boplamok
zavala,zuvala
zavl ºm,Xomitga bog ºlanadigan ip
zag ºama,kepchik
zaman,payt
zamariq,ziqorin
zamat,payt
zart,jart etmok
z”ômi:n,buyinturuqning ikki tomonidagi yogoch
z”ômm”ôt,zaxmat
z”ôr“Øv,zarur
z”ôrxal,darxol
z”ôtm”ôk,tuzatmok
zeyk”ôsh,z—åyk”ôsh
zer-zavil,shumtaka
zer-z”ôvil,zer-zav ºl
zir”ôy,zirak
z ºq,z—ãn
z ºrq,pirt
z ºrt,z ºrq
ziq,ingichka va uzun buyli
z”©tm”ôk,z”ôtm”ôk
z“Ølpitilla,xotin-qizlarning sochiga osadigan bezagi
yebr”ônm”ôk,
yeg”ôl”ôm”ôk,
yegirt,
yej”ôshm”ôk,o ºchakishmoq
yezuv,labning ikki chek-kasi.
yey”ôv,egov
yey”ôvl”ôm”ôk,egov-lamoq
yey”ôl”ôm”ôk,birov-ning narsasiga ega bo ºlmoq
yey”ôr,agar
yey”ôrm”ôk,ergash-moq
yeyvan,ayvon; hovli
yeyi,yaxshi
yeyilik,yaxshilik
yeyim”ôk,iyimo
yeyin,yelka; kift
yeyirm”ôk,
yeyirt,
yeyit,hayit
yeyl”ôm”ôk,
yeyl”ônm”ôk,
yeym”ôk,egmoq
yeyran,ayron
yeyri,
yeki,ikki
yel, xalk
yelat,mahalla; mahalla aholi-si
yel”ôs”ô,
yel”ôshtirm”ôk,
yelg”ôz”ôr,
yel”ôm”ôk,zorlanmoq; zor-tavallo qilmoq
en”ô,
yepkin,
yerik,
yesh,
yesh”ônl”ôm”ôk,kasallanmoq
yesh”ôrm”ôk,
yeshk”ôntm”ôk,
yeshm”ôk,eshmok; 2. esh-kak urmoq
ye:r,erta (ra-no):
yaban,yavan
yab º,ishchi ot; xashaki ot
yava,ya:va
yavaq,ya:va
yavan,qishloq
yavax,goh vaqt
yavva,ya:va
yavg ºan,yo:g ºan
yav ºn,yogin
yavr ºn,yag º—ãn
yag º,jag º
yag ºin,orqa
yag ºish,yomg ºir
yag ºlamaq,yig ºlamoq
yag ºnamaq,yig ºmoq
yazg ºit,taqdir
yaziq,gunoh
yazd ºrmaq,bo ºshatmoq
yazmaq,1. yozmoq; 2. yoymoq
yaynamaq,yayramoq
yaq,yo ºq
yaqachar,olyopqich; fartuk
yaqiyn,yaqin
yaqt º,yorug
yala,yola
yalaza,bo ºshliq; ochiq maydon
yalama,
yalg ºamaq,yolgonni chin qilib so ºzlamoq
yald ºramaq,yaltiramoq
yal ºmsaq,laganbardor; yalinchoq
yal ºn,yal—ã“£
yaliq,olov
yall ºqamaq,ko ºmaklashmoq
yalpashmaq,ag ºnamoq
yandaq,yantoq
yantashmaq,yondashmoq
yaq,yaq
yaqa,yangi
yaqag ºi,haligi
yaqaldan,yang ºidan
yaqilmaq,yanglishmoq
yaqil ºshiq,yanglish
yaqqi,boyagi
yaqs ºlamaq,taqlid qilmoq
yap,anhor
yap ºldaq, minishga tayyor (ot)
yar,jar
yarashig ºl º,yarashgan
yarg ºanat,yerqanat
yar ºmaq,yolchimoq
yar ºmsaq,yal ºmsaq
yar ºn,kelgusi yil
yarmaq,1. yormoq; 2. qazimoq (ariq
yarm ºsh,
yarpaq,yorpaq
yarp º,ya:r º
yas,sayoz (say)
yasqa,kechuv (o ºtadigan
yatag º,1. yotaloq; 2. qizlar majlisi; 3. qo ºylar yotadigan joy
yat ºrmaq,yotqizmoq
yatqi,bachadon
yaxiyk,sovuq
yaxt º,yorug º
yashull º,rahbar
ya:va,ayri
ya:g ºi,yov
ya:r º,yarim
ya:s,aza
ya:t,yot
y”ô:rm”ôk,yubormoq
yeg”ôn”ô,yakan qamishga o ºxshagan o ºsimlik.
yegm”ôk,haydamoq
yeg ºlamaq,yig ºlamoq
yeddi,yetti
y”ôzd”ô,yezn”ô
y”ôzn”ô,pochcha
yeyilm”ôk,yozilmoq
yeym”ô,yupqa ko ºrpa
yek,yomon ko ºrmoq
yel”ôk,xotin-qizlar kiyimi
yekl”ônm”ôk,yek k”©rm”ôk
yel”ôk,ayollar choponi
yelimsh”ôk,yopishqoq; yelimsimon
yelpis,shamol
yelpild”ôm”ôk,hilpillamoq; tebranmoq
yen”ô,yana
yenchm”ôk,yanchmoq
yeqnamaq,yig ºmoq
yepkin,”ôpk—ån
yer,yer
yesap,isap
yes”ôr I,
yes”ôr II,chaqkon
yet”ôshm”ôk,yetaklashmok
yetm”ôk,yetaklamoq
yetirm”ôk,yetkazmoq
yesh,hech
y”©ch kim,hech kim
yeshik,eshik
yishkim,hech kim
yilik,y“Øl“Øk
yilim”ôk,jilmoq
yiltild”ôm”ôk,hilpillamoq
yip”ôk,ipak
yip“Øp“Øch,popishak
yit,ket (itni haydab
yitirm”ôk,yo ºq etmoq
yitti,juda
y ºg ºirmaq,burishtirmoq; tirishtirmoq
yig ºnamaq,ye“£maq
yig ºranmaq,—ãg ºranmaq
y ºynamaq,yig ºmoq
yiqmaq,yiqitmoq
y ºlamaq,yeg ºlamaq.
y ºl ºqma,y ºl ºnma
y ºl ºmj º,
y ºl ºnma,iliqadigan
y ºlu,
y ºm ºrta,tuxum
y ºm ºrtqa,y ºm ºrta
y ºmriq,musht
yiqnamaq,yig ºmoq
yomasa,bo ºlmasa; aks holda
yolmasa,bo ºlmasa; aks holda
yog ºiyn,yo ºg ºon
yonja,yor ºnja
yonig ºch º,duradgor
yon ºsht ºrmaq,eplashtirmoq
yoq ºrchqa,yor ºnja
yoqqa,payraxa
yoq,ya“£
yorg ºin,ko ºrpa
yor ºnja,yo ºngichqa
yor ºmaq,ta ºriflamoq
yormaq,yor ºmaq
yorpaq,yaproq
yo:g ºan,yog
y”©l“Øn,harom mag ºiz
y”©tkirik,y“Øtk—år—åk
y”©n,qulay
yuvanmaq,yupanmoq
yuvusqa,yu:sqa
yu:q,yaqin
yuqum,foyda
yuma:q,yigirishga tayyor qilingan paxta tu- tami
yum ºrtqa,y ºm ºrta
yu:sqa,
y“Øzm”ôk,suzmoq
y“Øzikishm”ôk,1. uchrashmoq; 2. yuzlashmoq
y“Øzikm”ôk,1. yuz ko ºrmoq; 2. ko ºzikmoq
y“Øyirm”ôk,yugurmoq
y“Øl“Øk,ilik
y“Øl“Øn,harom mag ºiz
y“Øl“Øq,y“Øl“Øn
y“Øn“Øl,yengil
y“Øql”ôm”ôk,rivojlanmoq
y“Øp”ôk,yil”ôk
y“Ørim”ôk,yurmoq
y“Ø:r”ôk,yugurik
kardi,dimogdor
ka:za,1.kichik kapa 2.kaza
ka:l,suv yuvub ketgan 
ka:n,ko ºp:
ka:r,ish; vazifa; kasb
ka:sa,piyola:
k”ôbz”ô,
k”ôv”ôk,1.kavk 2.Qoshkopir 
k”ôvim”ôk,kakramok 
k”ôvin,ko ºngil:
k”ôgird”ôk,
k”ôj,1. king ºir 
k”ôl”ôvach ,ipni kalava kilib oraydigan asbob 
k”ôl”ôk,shoxsiz echki
k”ôl”ônt”ôr,1.obkash 2.a ºyon
k”ôl”ôp,kalava(ip kalavasi)
k”ôl”ôp”ôtr”ô,tartibsiz 
k”ôl”ôs”ôn,axmok
k”ôll”ôk,kallak (daraxt shoxini chopish)
k”ôll”ôki,1.popokning bir turi;
k”ôltik”ôl”ôs,ankov (gapga kulok solmaydigan 
k”ôlchik,sokov 
k”ôlchikl”ônm”ôk,1.duduklanmok 2.o ºz tiliga boshka tilni aralashtirib so ºzlamok
k”ôms,1. yarimta 
k”ômis-k”ôdik, kamchilik. 
k”ômmal,kambagal: 
k”ôniz,karniz. 
kant ,el; qishloq aholisi
k”ôntik”ôs”ôk,bisot
kenshirik,qanshar:
k”ôpin,kafan
k”ôpm”ôk kepmoq,qurimoq
k”ôpp”ô,vayrona
k”ôpshirm”ô ,ulash (svarka): 
k”ôrv ºch,g ºisht:
k”ôrg,1. molning qorni dam bo ºlganda og ºziga solinadigan yog ºoch. 
k”ôrs º,ba-liq tutadigan savat
k”ôsirtk”ô,kaltakesakning bir turi.
k”ôt,karavot
k”ôt”ôn,qalin materiya (eshik parda
k”ôt”ôv ,hayvonlar tomog ºiga chiqadigan yara
k”ôtxuda,aqli raso
k”ôch,hatto
ham,
k”ôchk”ôrt,
k”ôshk”ôt,o ºroq-simon pichoq (o ºtoqda
K”ôshm”ôk ,o ºg ºirlamoq
kez - asp,keyin
keli,o ºgir
kense,idora
kechk”ôy ,koshki
kesh”ôn”ô ,sabil
kiyn”ô,
kikik ,tutilib
kikird”ôk,
killikcha,ko ºkrakcha
kilit,kalit
k ºlm”ôk,
k ºmildirik ,
k ºrm”ôv ,chalmaq - chal moq: 
k ºrk ºr”ô, sholi tegirmoni
tiyd”ôn ,teyd”ôn
tiyip ,tey—åp
tiym”ôk ,deym”ôk 
tik”ôch ,tuk”ôch
tiqnird”ôm”ôk ,dingirlamoq
tip ,di:v
tiskinm”ôk ,seskanmoq
t ºypaq ,t ºypaq ash—ãq-xirpa oshiq
t ºk ºr ,q—ãt ºr
t ºqqin ,probka
t ºmaq ,yung yoki ipdan qilingan bosh kiyimi (qishki)
t ºn ºmaq ,dun ºmaq
t ºr ºmsaq ,tirishqoq
t ºrnaq ,d ºnnaq 
t ºrt ºm ,jimjit 
tovshan ,tovushqon
tog ºalaq ,omaloq
toqg ºir ,yog idishi (tunukadan)
toqg ºirtqa ,toq—ãtqa
tom ºrtqa ,toq—ãtqa
toq ,muz
tor ,1. ov to ºri; 2. deraza pardasi; 3. to ºriq (ot rangi)
torqa ,totra
torqildamaq ,taraqlamoq
torriq ,ipning notekis joyi
torsaymaq ,zo ºr qayg ºuga tushmoq
tosalaq ,serjahl; sirkasi suv ko ºtarmaydigan. 
toshnav ,Qip. obrez
toshsh º ,obrez
t”©b”ô ,d”ôp”ô
t”©b”ôl”ôsh ,d”ôp”ôl”ôsh
t”©g”ôn”ôk ,tog ºalaq
t”©gin ,d”©k—ån
t”©zm”ôk ,d”©zm”ôk
tulp ,soxta buzoq
tur ºsh ,1. nordon
tuta:niq ,t“Øt”ôn”ôk
tutasht ºriq ,tutantiriq
tutuq ,deraza pardasi. 2. xira
tushoxa ,ayri (ikki shoxlisi)
tu:t ,tut (daraxt)
t“Øz“Øv ,d“Øz—åy
t“Øy ,tuk:hopp º s”ôm—åz yazg º º yoq
tuym”ô ,d“Øym”ô
t“Øym”ôk ,d”©vm”ôk
t“Øk”ônm”ôk ,tamom bo ºlmoq
t“Øk”ôch ,chakich
t”©m”ôn,past
t”©qlik ,d“Ø:n—åk
t”©sh”ôk ,tushak
t”©: jim ,”ôtm”ôk-yig ºmoq jamlamoq
tuvrama ,ovqatning turi
tuzoq ,qopqon
tuynaq ,teri qiradigan asbob
t“Ølp ,turp
t“Øqk”ô ,tunukadan yasalgan chiroq
t“Øniyn ,u kuni
t“Ønm”ôk ,d“Ønm”ôk
tuqni ,t“Ønk—å
t“Øql“Øk ,d“Ø: n—åk
t“Ørm”ô ,ipakdan to ºqilgan sochoqsimon ro ºmol
t“Ørr”ô ,darra (o ºyinda)
t“Øt“Øk ,d“Ød“Øk 
t“Ørsh”ôk ,achchiq; nordon
t“Øt”ôn”ôk ,tut qoqadigan chodir
t“Øt”ônik ,t“Øt”ôn”ôk
t“Øflik ,tupurik
ravak,ravok 
ravarag,lang 
ray,istak
rap ºrdavik,sergap
ratalla,
ras,tUrgenchi
r:ash,rosh (arik cheti
rejje,1.reja plan 2.ustlarining rejasi
rep,suri (pilla kurti surisi)
repi:de,yenchilganing katta turi
repche,1
repab,rubob
r ºbap,rebap
r ºsva,rasvo
r ºssik,rizk
rev,1.rux. 2.rang
rodapay,landavur
roray,ataylab
rostay º,befaxm
re:pek,1.dastrumol; rumolcha 2. rumol
re:shen,
rujje,
sabaq,savax
savax,
sav ºslanmaq,sag—ãslanmaq
savg ºat,so—ñg ºat
savmaq 1,sovmok
savmaq 2,sapmoq
sag ºala ºr ºq,baliqning kuyi jagi
sag ºalmaq,sog ºaymoq
sag ºat 1,soat
sag ºat 2,1. yomon 2.qaysar
sag ºislanmaq,roxatsizlanmok
sag ºs ºlanmaq,sag º—ãslanmaq
sazaq,sazoq
sazmaq,ozmog º
say,sayoz
sayaq-sand ºraq,axloqsiz
say ºn,sonicha
say ºsman,otbokar
saymaq,1.savamoq 2.savalamoq
saqaq,bag ºbaqa
saqqiz,saqich
saqqal,soqol 
salapcha,s ºlapcha
salb ºramaq,shalviramoq
salv ºramaq,salb ºramaq
salg ºit,solg º—ãtch º
saldam,b—ål”ôn
salqim,s”ôrx—ãm 
sallanmaq ,chayqalmoq
salma 1,ariq
salma 2,xamir ovkatning bir turi(tupla)
salt ,b“±l
samb ºrdamaq ,valdiramoq
samsamlanmoq ,ezmalik kilmoq
sandal ,1.sandon 2.etikduzlar asbobi
san-sag º ºsh ,san-sanaq
san-sanaq ,son
sand ºraklamaq ,sand ºramaq
sand ºramaq ,1.valdiramoq
sanchqi,balik tutish asbobi
sanchu,sanchiq
sanalaq ,sa“£araq
sanaraq ,danak
saqi ,s”ôn“£—å
saqimaq,s”ôn—åm”ôk
sapan ,sopqon
sapig º ,sap ºsh
sapmaq ,ulamoq
sap ºsh ,payvandlash
saralmoq ,sarg ºaymoq 
sar ºnjaq ,arg ºimchoq
sar º,sa:r º
sarsig º,ma ºlumot
sars ºlmaq ,1.l“±qnllamoq 2.xomush “±tirmoq
sar ºsmaq,yemoq
sarxim,1.suv kuzasining qopqogi 2.krujka
sas ºmaq,1.sasimok 2.anqimoq
sass º ,sa:s º
satan ,oyoqning tizzadan yuqori qismi
satashmaq ,1.“±ralishmoq 2.yuliqmoq 3.janjallashmoq
sat ºl,oshpichoq
sat ºljan,zotiljam
sat ºn,1.sotib olmoq 2.sotib olinadigan
satqaq ,sukish
sattiq ,vosvos
satuv ,sotish
sachaq,sochiq
saxil,saxiy
saxt ºyan ,maxsi qiladigan bir tur teri
sa:z 1,muz—ãka
sa:z 2,sinch
sa:n,1.sanoq 2.son
sa:r º,sarig º
sa:s º,sasiq
s”ôvinm”ôk ,sevunm”ôk
s”ôvl”ôm”ôk ,suzlamoq
s”ôd”ôp ,tugma
say ºn,say ºn
s”ôl”ôq,s”ôli:n
s”ôl”ôpch”ô,chilopchin
s”ôldir”ôn ,omonat turgan
s”ôli:n,bir tur usimlik
s”ôlk”ô,serka
s”ôlk”ôym”ôk ,bushamok
salki ,Bush kuymoq
s”ôlkild”ôvik ,silkitib tashlaydigan
s”ôl”©v ,anqov
s”ôlpild”ôm”ôk ,1.rivojlanmoq 2.tebranmoq
s”ôms”ôm ,bilq-bilq
s”ôndir”ôkl”ôm”ôk ,sandiroqlamoq
s”ôn ,muz parchasi
s”ônim”ôk ,sanqimoq
s”ôqki ,s”ô“£“£—å
s”ôqqi ,sayoq
s”ôp”ôl”ôm”ôk ,1.siypalamoq 2.sepmoq
s”ôr”ônch ,uzun tayoq
s”ôr”ôsh”ôv ,1.obdova 2.past-balandlik joy
s”ôrgizdan ,sargardon
s”ôrdava,1.usti gumbaz kilib ishlangan yer osti suv ombori 2.savil
s”ôrj“Øsh,kalampir va yog ºning maydalangani 
s”ôrdoz ,kanopdan nozik qilib eshilgan ip 
s”ôrilm”ôk,erkalanmok
s”ôrk”©y ,kalin
s”ôrm”ôk ,yoymoq (quritmoq)
s”ôrm”ôl”ôm”ôk ,1.sinchiklamoq 2.zoriqmoq
s”ôrpilm”ôk,1.orkaga chekinmoq 2.engilmoq
s”ôrposh ,1.bosh kiyimi 2.idish ustiga yopiladigan xar kanday yopiq 
s”ôrri ,jinnisimon kishi 
s”ôr“Øn”ô ,samovar
s”ôs,ovoz
s”ôt”ôqi,ongsiz
s”ôt”ôri,tentak
s”ô:r,saxar
s”ô:t ,soat
seyil ,s—åyl
seyl”ôm”ôk 1,saylamoq
seyl”ôm”ôk 2,sayramoq
seyr”ôm”ôk,seyl”ôm”ôk
sech”ô,chumchuk
se:mush,uch burchak 
se:r”ôk,siyr”ôk
siyirm”ôk,tozalamoq (burun xakida) 
siyl,sayl
siyr”ô,sira
siysxana,otxona
sil”ô,kuch
sil”ô,doka
sil”©v,s”ôl”©v
simk”ô,k“±k
sinir,tomir
sinirik ,mishiriq
sinirm”ôk ,s—åy—årm”ôk
sipirinch ,xoroz (tegirmon) unini supuradigan supurgi 
siplik,axlat 
sips”ô,supurgi 
si:n:,sinchiqlab-karamoq
s ºg ºir,sigir 
s ºd ºr ºm,oqmoq
s ºzl”ômaq,sizmoq
s ºzat,suv
s ºy ºr,s ºg º—ãr
s ºylamaq,siylamoq
s ºy ºrmaq,supurmoq
saymaq,sig ºmok
s ºynamaq ,sinamoq
s ºypanmaq ,sirg ºanmoq
s ºyraq ,boldir (oyoqning tizzadan kuyi kismi)
s ºyriq ,uzun yog ºoch
s ºyr ºlmaq,sirpanmoq
s ºlapcha,chilopchin 
s ºlmaq,shilmoq
s ºlu ,chiroyli 
s ºmb ºrdamaq ,s ºmm ºrdamaq
s ºmm ºrdamaq 1,jimirlamoq
s ºmm ºrdamaq 2,ming ºillamoq
s ºms ºm,ezma
s ºnaq-sartiq,noxush xabar 
s ºnnaych º,surnaychi
siniraq,oyoq payi
s ºpay º,xon amaldori
s ºpra ,supra
s ºp ºrmaq,tozalamok
s ºrg ºiya,foydasiz kishi
s ºr ºq,s ºyr—ãq
s ºr ºnmaq ,ozib ketmoq
s ºrqizmaq,sirqitmoq
s ºt ºlmaq,tirsillamoq
s ºtqa,galvirning bir turi
s ºtmaq,siqmoq
s ºtra,1.figura 2.bashara
s ºchan,sichqon
s ºchramaq,sachramoq
siqman,un oshining bir turi
sob ºraymaq,shumshaymoq 
sovmaq,“±tkazmoq
sovulmaq,tamom b“±lmoq
sozmaq,ch“±zmok
soqi,keli
soqta,soxta
solq ºldamaq,Khivaillamoq
solqim,bosh
sonlamaq,tugatmoq
sorikmak,s“±rib olmoq
soxta,qimor “±yini
sorg º ºchlamaq,yelimlamoq
s”©vm”ôk,sevmoq
s”©v“Ønm”ôk,suyunmoq
s”©v“Øt,tol (kora tol)
s”©yl”ôm”ôk,s“±zlamoq
s”©l,sel
s”©l”ôk”ôy,1.s“±lak 2.b“±shang (odam)
s”©llem”ôk,s“±zlamoq
s”©n”ôk,s“Øn”ôk
s”©:b”ôt,suxbat
s”©:l,s”©l
suvarmaq,sug ºormoq
suvg ºarmaq ,suvarmaq
suvulmaq,sovulmaq
sug º ºn ºm,suq—ã—ãn ºm
suqin ºm,siqim
sullaymaq,xoldan toymoq 
sur,su:r
suran,qiy-chuv
susaq,ch“±mich
su:maq,sovmaq
su:r ,qora k“±l terisining a ºlo navi 
su:saq,susaq
s“Øv“Ønm”ôk,s”©v“Ønm”ôk
s“Øz”ôk,suzag ºon
s“Øzm”ô 1,drushlak 
s“Øy,suv
s“Øym”ôk,sevmoq
s“Øyl“Øn,tustovuq
s“Øyr”ômak,sudramoq
s“Øl”ôk”ôy,s”©l”ôk”ôy
s“Øl”ôk”ôt,qobiliyat
s“Ølgi,sochiq
s“Ølgin,qirg ºolvul
s“Ølyin,s“Ølg—ån
s“Øll”ômpay,landavur
s“Ølp”ô,og ºiz suvi
s“Øm”ôl”ônm”ôk,suykalmoq
s“Ømr”ôym”ôk,s“Øms—ånm”ôk 
s“Ømsik,s—åms—åk
s“Ømsinm”ôk,shumshaymoq
s“Øm“Ørm”ôk,shimirmoq
s“Øndikm”ôk,kokilmoq
s“Ønn ºkm”ôk,s“Ønd—åkm”ôk
s“Ønn”ô,mutaxassis
s“Ønn”ôchilik,1.kasb-kor
s“Ønchikm”ôk,s“Ønd—åkm”ôk 
s“Øn”ôk,suyak
s“Øri,1.t“±da 2.k“±y podasi
s“Ørnikm”ôk,s“Ønd—åkm”ôk
s“Ørr”ôm”ôk,sudramok
s“Ør“Øv,s“Ør—å
s“Øtliyan,bir “±t
s“Øchi,s“Ø:j—å 
s“Ø:j º,1.chuchuk
s“Ø:k”ônm”ôk,suykanmoq
s“Ø:m”ôk ,s”©vmoq
s“Ø:ri ,xuddi
lab ºr |,changak (yakor—å)
lab ºr ||,bili-bidi
lab ºrdamaq ,tez-tez gapirmoq
lavash ,churak non
lav ºr-lav ºr ,tushunti-rib gapira olmaydigan kishi 
lag ºva ,sergap
lag º ºm ,lag º
ladan ,nondon
laz ºm ,fotiha
laz ºma ,xotin-qizlar ishtoni
laylama ,yarim qazuv (sugorish termini)
laylamaq ,chalg ºitmoq
laqalaq ,beo ºxshov (kiyim); haddan tashqari keng
laqam ,laqab
laqamcha ,mol damlanib qorni shishganda og ºzini yirib bog ºlaydigan yog ºoch; 
lakir-lakir ,yurakning behol bo ºlib qolishi: 
laqirdaviq ,bo ºlar-bo ºl masga gapiraveradigan odamga qo ºyilgan laqab
laqqasa ,bir o ºyinning yo ºli
laqqi,sergap; bema ºni so ºzlarni so ºzlovchi (odam)
lalazar ,go ºzal
laparman ºy ,naparman ºy
laq ,o ºlat
lapa ,la:pa
laplama ,turli bo ºyoqlarning aralashmasi 
lar ,1. miltiqning bir turi. 2. suv o ºyib ketgan yer 
lars ,yetishgan
la: pa ,konvert
lash ,murda
l”ôb”ôk ,po ºstin tevaragiga tutiladigan teri
l”ôvap ,shovlaning suyuq pishgani
l”ôva: p º ,kosa
l”ôv”ôy ,labbay
l”ôv”ônt ,1. ishyoqmas
l”ôg”ôn ,1. xamir qiladigan idish; 2. laganbardor
l”ôzgi ,o ºyinning turi; kuy
l”ôkki ,kichik sopol tovoq (to ºylarda mehmonlarga osh tortiladi)
l”ôk-l”ôk ,pora-pora
l”ônj ,1. lanj
l”ônch ,l”ônj
l”ôn ,oz-moz oqsab yuradigan (odam)
lanki ,bolalar oyog ºi bilan tepib o ºynaydigan bir parcha po ºstak
l”ôp”ôq ,lapashang; no ºnoq
l”ôp”ôr ,xotin-qizlar bezagi (bosh kiyimiga osila-digan yakka tanga
l”ôpp”ôs ,landavur; o ºta yalqov
l”ôppik ,bo ºsh (yog ºi dog º bo ºlmagan osh hakida: 
l”ôpsh”ô ,1. bugiz-ning to ºriga chiqadigan mayda yara; 2. ovqatning nomi
loqq º ,1. mevaning kattasi
lol º ,1. buzuq. Fohisha
lond º ,kiyim kiysa kelishmaydigan (odam)
long ºir ,1. vazmin
lopp º ,1. semiz; 2. yumaloq yuzli
lor,lars
l”©t”ôr”ô ,1. to ºrtta: 2. suvning tagiga cho ºkkan loy. 
le: v ,lab 
le: z ,lafz
lezi: i”ô ,shirinlikning bir turi. 
lux ,1. dux (qovun osadigan lux); 2. oq jo ºxori-ning boshoksiz kismi
lech”ôk ,l”ôch”ôk
likild”ôvik ,1. beqaror; bir yerda turmaydigan kishiga quyilgan laqab. 2. bolaning boshiga taqiladigan bezak. 
lilli ,tentak
l“Økch”ô ,1. yax-lit
l“Øni ,o ºlik yuvuv chilar kiyadigan maxsus qo ºlqop
l“Øpp”ô-l“Øp ,limmo-lim (idishga suyuqlikning to ºlishi).
mag ºaldaq,o ºmboloq; ~oshmoq - o ºmboloq oshmoq
mag ºiz,1. tutuk 2. ko ºrpaning mag ºizi
mag ºlay,peshona
may,yog º
maya,moyak
mala-maj ºr,1. tuturiqsiz
malg ºam,balg ºam
maqlay,mag ºlay
maqlaycha,durra (boshga o ºraydigan kichik ro ºmol)
mardan,g ºalla solish uchun qo ºllanadigan katta idish
mardash,chordona
mat,jim
maxmal,baxmal
nava,na::va
navax,kachon
nav º,nav º d—åysen
navkan,no:kan
naxan,no:kan
navx ºna,tonuk kuz
navcha,gura
navchun,nima uchun
nag ºm,lag—ãm
nazelin,
nazvay,gulrayxon
nakish,naksh
nal ºnmak,nolimok
nama,kuy
nambay,novvoy
naparman ºy,rangning turi
naxan,
naxal,taka
nashpot º,nashvoti
parav ºz,1
par ºmaq, 1 chidamoq
parmal,okuchka
parr ºldamaq,lorullamoq
partal,partav
pasmanda,past
pat,kuch
patas,tuproq aralashgan somon; poxol
pat ºya,fotiha
pat ºrdamaq,pitirlamoq
patlav ºq,paqlav—ãq
patlanmaq,badlanmaq
pat - pat,
patrat,chatoq
patt º - satt º,mayda - chuyda
paxir,faqir
paxt”ôk,qumri
p”ôdik,
p”ôzz”ô,tutantiriq
p”ôl”ônch,g ºo ºzapoya 
p”ôq,tirgak
p”ôry”ôr,sirkulga o ºxshagan asbob
p”ôrdi: val,
p”ôrish,yupqa parda
p”ôrt,p”ôrt—ån—å ch”ôkm”ôk
p”ôrch,zich
p”ôspi:l,kamtar
p”ôt,paxmoq
p”ôtik,ship (potolok)
p”ôtir”ôk,kichik patir
p”ôtr”ôm”ôk,titmoq
p”ôch”ôkd”ôn”ô,pechak urug ºi
peyda,foyda
p”ôtt”ô,bog
p”ôtt”ôl”ôm”ôk,
perish,p”ôr—åsh
pesh,1. pechka; 2. mehmonxona
peshag ºana,pe:sha:na
pe:sha:na,
peshkil,fartuq
peshkir,peshk—ål
peshm”ôk,pashmak
pe:sh,chopon
pe:sh”ô,yumush
pil”ôm”ôk,“Øfl”ôm”ôk
pilis,mog ºor
pilisl”ômak,mog ºorlamoq
pitin,butun
pitmir,hiylagar
pitt”ô,picha
pish”ôk,pishkak
pishik,mushuk
pishk”ô,
pishm”ôk,1. pish- moq (osh haqida); 2. yonmoq
pisht”ô,pushta
p ºqirdamaq,biqirlamoq
p ºlp ºldamaq,limillamoq
p ºrs ºldaviq,munchoq
p ºss º,qur ºmaq
p ºsliq,bema ºni
p ºsm ºl,1. ichi qora (odam);2. bir tur kasallik.
p ºt,but
p ºtaq,budaq
p ºt ºraq,tikon
p ºchq º,b ºchq—ã
p ºsh ºq,mushuk
p ºsh ºq,berm”ôk
p ºshlamaq,pishillamoq n”ôy”ô s”ôn s ºg º—ãrd ºyn p ºshl ºyv”ôr”ôs”ôn? (Xiv
pod ºr,1. pudra; 2. to ºzon
poya,qog ºoz kabi yupqa qalayi
polas,sholcha
porqan,porxan
porriq,1. qamish tomiri; 2. to ºlqin chiqarib tashlagan o ºtin
porsaq,chang
pors ºq,bo ºrsiq
pors ºmaq,changimoq
port,mo ºrt
porxan,parixon
shovurd º,shivir-shivir
shoqurdamaq,gudurlamoq
shoqurd º,
sholqit,sholq—ãt º chiqmaq
sholtiq,buzilgan
shomb ºrdamaq,em”ôtvayn º
shor,nordon
shoxum,shovqin
shunn ºyn,shunday
shunchaql º,shuncha
sh“Ønch”ôll,shunchalik
sh“Ønd”ôtip,shunday etib
sh“Øntip, shunday qilib
sh“Øttik,jinchiroq
