Title,Meaning
Abdol,"Shaydo, tentak"
Avvalaman,Bolalar o ªyini
Avusarang,"Ovsar, parishonxotir"
Agizak,Egizak
Aglanmak (eylanmak),Kech qolmoq
Adan,Chiqindi suv ketadigan chuqurcha
Adik,Etik
Adil,Odil
Ajab,Xo ªp
Ajji,Achchiq
Ajiz,Zaif
Ajina,Jin
Ajir,Azob
Ajoyibxona,Muzey
Azib qo ªy,Kirni suvga solib qo ªy
Azik,Ezilgan
Azilgan,Bu odam ezilib ketgan
"Aydi, eydi (sigir)",Iydi (sigir)
Aylanib o ªvrilib,Bir gapni qayta-qayta takrorlayverish
Aka,Ota
Akdi,Ekdi
Akish boshlandi,Masalan chigit ekish boshlandi
Akkaldila,Olib keldilar
Aklamoq,"Devor, daraxtlarni ohak bilan bo ªyash"
"Akmagan joyda go ªkarib chiqadi (belbog ªa galadi,
o ªroqa galadi)","Bemavrid so ªzlaydi,"
Aks,O ªjar
Aksilmak,Kamsitilmoq
Al,Qo ªl
Ala,Elakdan o ªtkaz
Alam,Qabristonlarga tikiladigan alam ro ªmol
Alamimni ola- man,"O ªch olaman, alamzadaman"
Alashtirmang,Aybga buyurmang
Aljirama,Bo ªlmag ªir gaplarni gapirma
Alima qo ªndi (qush),Qo ªlimga qo ªndi (qush)
Alli,Ellik
Alpatak- elpatak,Birdan shoshib qolish
Ambiyatchilik,To ªkin-sochinlik
Amdomli,"Juda yaxshi, qulay."
Amjak,Emchak
Ana,Buvi
Anaka,Enaga
Ananga to ªylik galdimi,Onangga to ªylik keldimi
Angak,Iyak
Angilmak,Egilmoq
Angqildoq,Anqov
Angsa,Ensa
Angsa atib qo ªydim,Qarzdor qilib qo ªydim
Angsalashmak,"Bir biridan arazlashmoq, bir-birini mensimaslik"
Angshirmoq,Fahmlamoq
Andarmon,Mashg ªul bo ªlmoq
Andin so ªng,Undan keyin
Andratop,Ajoyib
Anjomxona,Omborxona
Anoyi,"Bu boshqacha odam, har narsani biladigan, chaqqon"
Apika,Opa
Apir,"O ªta mug ªombir, olchoq odam"
Apkin,Engil shabada
Aplama,Sifatsiz
Aprik,"Quyuq, ammo yopishqoq bo ªlmagan suyuqlik"
Apsiz,Epsiz
Aptik,"Apteka, dorixona"
Ar,Er
Ar-xotin,Er-xotin
Aravlamak,Oyoq ostida chuvalashmoq. Hamma ishga aralashaverish.
Arganak (Aryanak),"Panjara, temirdan yoki taxtadan qilingan to ªsiq"
Arzoyil,Azroyil
Arik,O ªrik
Arka bola,Erkatoy
Arkak,Erkak
Arkalik,Erkalanish
Armak,Ermak
Armisoqdan qolg ªon,"Ota-bobolardan qolgan, eski davrlardan qolgan, qachondan beri borligi nomalum"
Arpovoydon,Arpabodiyon
Asa,Unday bo ªlsa
Asankirash,Esankirash
Asar,Eshitganimdan hech narsa qolmadi (hech narsa)
Asvak suvi,"Sug ªorish turi, barcha suv belgilangan joyga etib kelishi uchun pastdagi jo ªyaklarning bekitilib, yuqorida joylashgan dalalarga suv berish usuli."
Asdi (shamol),Esdi (shamol)
Asirma,"Katta ketma, mag ªrurlanma, toltayma"
Astanroq yuri,"Sekinroq, shoshilmasdan yurgin"
Atak,Kiyim etagi
Atoyi mulk,"Erli mulk, umrlik berilgan er maydoni, meros qilib qoldirish huquqi bilan"
Aftoda,"Ust-boshi kir, yirtiq.yuz-qo ªli yuvilmagan"
Axr manda na gunox,Men gunohsizman-ku
Ahamiyatchilik- da,Fursat bo ªlganda
Ak,Ohak
Bavak,Chaqaloq
Bag ªrima bosdim,Quchog ªimga oldim
Badastur ishlash,Tartibli tarzda ishlash
Badlanib qaramoq,Yomon ko ªz bilan qaramoq
Badro ªy,"Badbashara, ko ªrimsiz"
Bayot,Davlatli
Baziryon,Savdogar
Bak,"Bek, mahkam, yopiq"
Bakdurdi,"Bekturdi, mahkam tursin, deb qo ªyilgan nom, Tursun ismi kabi"
"Bakjon, Bakchon","Bekjon, bola ismi, yakka-yolg ªiz o ªg ªil bola tug ªilganda jonim mahkam to ªxtasin deb nom qo ªyilgan (jonim bolam degani)"
Bakla,"Yop, bekit"
Bakra,Osyotr balig ªi
Baqqa,Sut (bola tilidan)
Balli,"Aniq, belgilangan."
Bandi,"Zindonga kishanlab tashlangan, zindonband"
Barak,Chuchvara
Bari gal,Bu yoqqa kel
Bas,Baxs
Bezuvon,"Yuvosh, mo ªmin-qobil odam"
Beyi,Behi
Beyik,Baland
Beyish,Behisht
Bekdali,Hurmatli
Bel,Belkurak
Bera o ªtir,Bu yoqqa o ªtir
Berda,Bu erda
Beso ªnaqay,"Epsiz, ish bajarishda nimadan boshlashni bilmaydigan, qaerga borsa urilib, turtilib yuradigan odam. Dasturxon atrofida o ªtirganida, albatta biron narsani turtib yiqadi yoki choynakni ag ªdarib yuboradi"
Beshdan-beshdan,"O ªyin turi, beshta kichik toshlarni erga qo ªyib, bitta toshni yuqoriga irg ªitib, u tushguncha pastdagi toshdan birini olib, tepadan tushganni ham ushlab qoladi."
Beshikchi,Beshik yasaydigan usta
Beshtirnoq,"Grablya ‚Äìbog ªu-rog ªlarda, dalalarda xazonlarni yig ªishtirishda ishlatiladigan asbob."
Biyora,"Qovun, tarvuz palagi"
Biiz,Bigiz
Biyi,Yanga
Bilago ªra,"Bilib turib qilish, ataylab qilish"
Bilmabman,Bilmay qolibman
Bilmin atdim,Bilmasdan qilib qo ªydim
"Bir toshimon, o ªlasan","Bir uraman, o ªlasan."
Bir o ªyli jo ªvit,"Qovog ªini osib, hech kim bilan gaplashmay o ªtiradigan odamga nisbatan ishlatiladi"
Bir chayim suv,Og ªiz chayishga etadigan suv miqdori.
Bir yutum suv,Bir qultum suv.
Birg ªi,"Buraydigan asbob, otvertka, buraydigan kalitlar."
Birzamon,Birpas
Birmak,"Bezori, yosh bola"
Bitir,"Bitkaz, tamomla"
Bichilgan,Axta qilingan
Bichqi,Arra
Bichmoq,"Uy hayvon, masalan, qo ªchqorni axta qilish"
Bishshiq,Ezilib ketgan konfet
Blashtirma,Iflos qilma
Blomiq,Atala
Bloshiq,Ifloslangan
Bo,Bor
Bodirak,Varrak
Bodli,"Kuchli, quvvatli"
Bodom barmoq,Ko ªrsatgich barmoq
Boyoqi,Haligi
Bojoq,Ayollar oltin taqinchog ªi.
Boy-bo ªy,Bay-bay
Boyimjon,Baqlajon
"Boyqamak
(Xonqa tumani.)","Hurmat, etibor ko ªrsatmoq. Masalan:U boyqog ªonni boyqiydi."
Boyli,Bog ªlangan
Boyliq,Boylik
Bolag ªina,"Bechora manosida, yosh bolalarga nisbatan ishlatiladi"
Bolango   mulk atib bardingmi,"Bolangni uyli-joyli qildingmi, otaning vazifasi bolasini uyli-joyli qilib ayrim chiqarish."
Bolani isitmasi bor,Bolani issig ªi chiqgan
Boldiz,Qayinsingil
Boldoq,Dasta
Boliqni o ªs,"Baliqni pishirishga tayyorla, tozalab maydala"
"Bolqi tut, oq tut",Balxi tut
Boloq,"Shimni pastki, oyoq o ªtadigan qismi"
Bolori,Asalari
Bolchingirik,Shakarqamish
Bomi,Bormi
"Bona ga, bona gal.","Beri kel, bu yoqqa kel"
"Bona.
(Qachonnan bona sani
qidiraman.)",Beri. (Qachondan beri seni izlayman.)
Boono topmo,Bahona qilma ([O] cho ªzib aytiladi)
Bora (sanga nichcha bora,Senga necha marta aytdim
Borvadim,Borgan edim
Borimman,Bormayman
Borina shukir,Boriga shukur
Borlomoq,Yo ªqlamoq
Borlosh,"Yo ªqlama qilish, aniqlash, hisobga olish."
Bormasa go ªra borsin,Bormasa mozoristonga borsin (kesatiq)
Bormin-galmin hafa atib qo ªydi,O ªylamay-netmay hafa qilib qo ªydi
Boromakan?,Borarkanmi?
Bog ªdosh qurib o ªtirdi,Chordona qurib o ªtirdi
Bog ªir,Jigar
Bog ªlamman,Bog ªlamayman
Boqinmoq,Tobe bo ªlmoq
Boqir,Qog ªoz pulning o ªrnini bosuvchi temir tanga
Boqirib gapla sh,Qattiq ovoz chiqarib gapirish
Boqqi,Bo ªrdoqi
Bosa-bos,To ªpolon
Bosinqiradi,Tushida alahsiradi
Bosirniqish,Uyqudan qo ªrqib uyg ªonishdagi holat
"Botirib ol, botr","Suvga anal iv, suvga bos"
Botis,Yupqa yaltiroq mato
Botmon,O ªlchov birligi
Boxmol,Duxoba
Boxno,Qaram
Boxtiqaro,"Ishi yurishmaydigan, nochor odam"
Boshpotroq,Boshi-oyog ªi yo ªq ish yoki manosiz gap
Bra,Burga
Bo ªbi (‚ÄúO ª‚Äùga urg ªu berib aytiladi),‚ÄúIt‚Äù so ªzining bola tilidan aytilishi
"Bo ªbi galdi, yot","Bolalarni qo ªrqitish turi, nomalum mahluq bilan qo ªrqitish orqali uxlashga undash."
Bug ªoz xotin,Homilador xotin
Budoq,Butoq
Bo ªyon,Qizilmiya
Buz buzoloq,O ªyin turi
Buziq,Hulqi yomon inson
Buzoqvoshshi,"Buzg ªuvchi, ko ªpchilik bo ªlib yaxshi ish bajarayotganlarni birligini buzadigan odam"
Buzuqchi,"Siniq suyaklarni soluvchi, joy-joyiga qo ªyib davolovchi tabib."
Buzxona,"Muz saqlanadigan joy, Xivada shu nomda qishloq ham mavjud, shaharga yaqin qishloqdagi ko ªllardan qishda muzlarni kesib olib yozda foydalanish uchun ko ªmib qo ªyilgan."
"Buyin, Bugin",Bugun-bu kun
Bo ªyinda bo,Homilador
Bukilib dur,Engashib tur
Bukin,Buklangan joy
Buklam,"Oq mato, chit"
Bo ªkchi,Sakra
Bo ªkchimoq,Sakramoq
Buqabichim odam,Yo ªg ªon gavdali odam
Bo ªlaqo ªy,Bo ªlaqol
Bo ªldomli,"Gavdali, yirik."
Bo ªlmido ªvin,"Bo ªlmaydigan, bajarilmaydigan."
Buloma (gapni bloma),Qorishtirma (gapni qorishtirma)
Bulomiq,"Suyuq loy, ovqat turi"
Bulomon,Musiqa asbobi
Bo ªltak,"Soqov, tilida ishkal bor"
Bur,Simni bura
Burnoyin galib getdi,Kechadan oldingi kuni kelib ketdi
Bo ªrsoq,Bo ªg ªirsoq
Burt,Mo ªylov
Burungi zamon,"Qadimgi, o ªtgan zamon"
Burung ªi gun,Kechagi kundan oldingisi
Burunch,Guruch
Burch,Qalampir
Burchoq yog ªyotir,Muz yog ªayapti.
Butun,Tamomila
Bo ªsha gap,Bo ªlmag ªir gap
Bo ªshog ª,Yaylov
Bo ªshochi,Bekorchi
Buyurgun (Buyuryun),Indin
Buyurmog ªon,"Keraksiz, yomon narsa"
Vaj,"Narsa, buyum"
Valatizino,Otasi nomalum
Vano borg ªonda bilamiz,U yoqqa borganda bilamiz
"Vi ([i] tovushi deyarli
eshitilmaydi)",U
Vi durmin getdi,U to ªxtamay ketdi
Vovoq,Xivada nomi chiqqan raqqosning laqabi
Vog ªlomo,Mo ªl-ko ªlchilik
Vog ªlomo sho ªrva,Faqat piyozdan pishiriladigan sho ªrva
Vojjillama,Ezmalama
Vozziq,"Qalin, yumshoq yostiq"
Voqqilloma,"Ovozingni o ªchir, gapiraverma."
Vono-bono,U yoq bu yoqqa
Vorsoqi gap,"Bekorchi, bo ªlmag ªur gap."
Vos-vos,"Ezma, bekor gaplarni qayta-qayta gapirib, gapni chaynab o ªtiruvchi."
Voxtinda galmading,Vaqtida kelmading.
Voxtixo ªsh,Hursand
"Ga, gal",Kel
Gavadi,Kelgan edi
Gavar,Gavhar
Gazarman,Kezib yurib nom chiqargan
Gazzik,Navbat
Galavar,Kelaver
Galay-galay,Kel-kelaqol
Galamakan?,U ham keladimi?
Galvadim,"Keldim, kelgandim"
Galdi-galmadi,Bo ªlsa-bo ªlmasa
Galdi-galmadi odam,Malum fikri yo ªq odam.
Galdim,Keldim
Galin,Kelin
Galin barmoq,Uzumning chiroyli kelin barmog ªiga o ªxshash navi
Galincha,Kelguncha
Galma (gama),Kelma
Galmali- getmali odam,Parishonxotir odam
Galmiman (galimman),Kelmayman
Galmin-galmin bir galibsiz,Kelmay-kelmay bir kelibsiz
Galsam,Kelsam
Gamiraman sani,Sani eb tashiman deb bolani siylash
Gamtik,Kemtik
Gamshik,Tishsiz
"Gap kor atmaslik
(Sanga nichcha","Gap uqmaslik, gap tasir qilmaslik ( Senga qancha gapirsam ham gap tasir qilmaydi)"
Gaplaganni cho ªqib oladi,"Cho ªqib olmoq, oxirigacha eshitmay gapingga gap qaytaradi"
Gapni kamit,Gapni qisqa qil
Gapni kas,"Jim bo ªl, to ªxta, gapirma."
Gapchi,Gap tashib yuradigan kishi
Garak,Kerak
"Garakmas, garaksiz","Kerakmas, keraksiz."
Gardish,"Falakni gardishi, taqdir"
Garishib yop,"Qo ªlingni orqaga cho ªzib, qattiq ur."
Garishmak,"Mushaklarni yozib, qisqartirib charchoqni yozish."
Gashir,Sabzi
Gama,Kema
Gejak,Jingalak
Getjak,Ketmoqchi
Gech bo ªldi,Kech bo ªldi
Gech qoldim,"Kech qoldim, kechikdim"
Gechi,Echki
Gechmak,Suvni kechib o ªtish
Gizla,Yashir
Gizlamak,"Bekitmoq, yashirmok"
Gizlan,Yashirin
Gizlanmajak,Bekinmachoq
Giyim,Kiyim
Giyla,Gina
Girmola,Devor suvoqiga pardoz beruvchi asbob
Gooda,Gohida
"Gopora, (yopora) odamlar",Ayrim odamlar
Guburdi,"Shovqin-suron, maqtanib gapiruvchi odam."
Guvva,Shiddat bilan
Go ªvik,Suyakni chaynab bo ªladigan qismi
Gujum,Narvon daraxti. Xorazmda hovuz bo ªylariga ekiladi.
Go ªz dikmak,Hasad qilmoq
Guzak,Kuz oyi
Go ªzallab ot,Yaxshilab nishonga olib ot
Go ªzzim,Ko ªzim
Go ªzikmasin,Ko ªz tegmasin
Go ªzli odam,Bir qarashda maqsadingni bilib oladigan odam
Go ªydirgi,Azob beruvchi
Go ªydirgi bola,Ota-onani qiynab yuradigan tartibsiz bola
Go ªyik,Nonning kuygan qismi
Go ªynakimni giyiz,Ko ªylagimni kiygiz
Go ªk,Ko ªk
Go ªk barak,Ko ªk barak
Go ªk darak,Ko ªk terak
"Go ªkarib chiqdi, qo ªlim go ªkardi.",Chimchilagan joying ko ªkarib chiqdi
Guldirmomo,Momoqaldiroq
Gullikchi,Kunlik mardikor
Go ªlloxda,"Go ªrda, mozorda, yiroqda, manosini anglatib, biror narsa yoki odamning yo ªqolib qolishiga kesatik qilib aytiladi."
Gulobi,Qovun navi
Go ªmib tasha,Ko ªmib tashla
Gun o ªtib boryotir,"Hayot, umr o ªtib bormoqda"
Go ªnaldim,Yolchidim
Gunda,Har kun
Guning qursin,Hayoting qursin
Gunoyim,Aybim
Gunorta,Peshin
Go ªnchi,Mol terisiga ishlov beruvchi
Gup atib yiqildi,Turgan joyida tikkasiga yiqildi
Gupir-pasir,Sharta yiqib tashlangan
Guppi,Paxtalik fufayka
Go ªr,Mozor
Go ªrashda yog ªirni erga tegmagan,Kuragi erga tegmagan polvon.
Go ªrda,"Yiroqda, nomalum joyda"
Go ªrdiksiz,Ochko ªz
Gurji it,"Gavdasi kichik, yirik bo ªlmagan zotdor yoki zoti aynigan it."
Guring,Suhbat
Go ªyanda,"Baxshi, ashulachi."
G ªadir-g ªudir,Notekis
G ªalat,Yolg ªon
G ªaliz,Bemaza odam
G ªijirdi,G ªijirlagan ovoz chiqdi
G ªilchiq,"Ezilgan, yopishqoq loy"
G ªirch-g ªirch,G ªirchillab ovoz.
G ªirch-parch,"Ko ªp, to ªlib-toshgan darajada, ombor to ªla."
G ªirchillama,Etiklarni g ªirchillab ovoz beradigan qilib tikilgani
G ªovush,Makkajo ªxori yoki oq jo ªxori poyasi
G ªojir-g ªujir,Tezlik bilan bo ªldi
G ªojirdama,"Yaxshi pishgan tarvuz, baquvvat odam."
G ªozovot,"G ªozi obod kanali, Abulg ªozixon tomonidan qayta tiklangan"
G ªoyir,O ªjar
G ªolvir,Ilma-teshik
G ªoli,Gilam
G ªoliz,Bemaza
G ªollo-g ªosh,Ovorachilik
G ªolting,O ªnqir-cho ªnqir
G ªor,Fohisha
G ªor-g ªoro,Tomoqni chayish.
G ªoroz,G ªaraz
G ªorozgo ªy,"Kek saqlaydigan, niyati yomon inson."
G ªorso,"Tez, darhol."
G ªorchli amrikon kalish,Eskida eng yaxshi kalish hisoblangan
G ªosur-g ªusur,Darrov
"G ªo ªv, g ªo ª",Yaxshi
G ªo ªdoloq,Semiz va pakana odam
G ªo ªz,Yong ªoq
G ªo ªlangir,Tomning ustiga olingan somonsiz loy qoplama.
G ªo ªr,Xom
G ªurpa,Semiz o ªt
G ªo ªch yigit,"Abjir, baquvvat yigit"
G ªo ªcha poya,Paxtaning poyasi
Davarak,Tevarak bo ªlib o ªtirish (aylana olib)
Davat,Siyoxdon
Dayov,Barzanggi odam
Dak yuri,"Tinch yuri, janjal qilma"
Dakki,"To ªsqinlik qilish, biron ish qilmoqchi bo ªlsang bo ªlmag ªur bahonalar bilan ishga to ªsqinlik qilish."
Daklikda (daklikda galmidi),Shubhasiz (kelmasligi shubhasiz)
Dali,"Qo ªli, ko ªngli ochiq inson"
Daliz,Dahliz
Dalingan,Jinni
Dalladim,Terladim
dallatdi,charchatdi
Daltak,Cho ªqmor
Dam   ol,Nafas ol
Dam soldi,Tabiblar tomonidan bemorlarni davolash usuli.
"Daming ichinga tushdimi, gapir","Tildan qoldingmi, gapir"
Damir yo ªl,Temir yo ªl
Damratki,Temiratki
Dana,"Don, urug ª"
Dandirab getdi,Tentirab ketdi
Danjik,"Tartibsiz, har narsaga xarxasha qiladigan bola."
Dap,Tepib yubor
Dapa,"Balandlik, tepalik."
Dapagurung,Bekorchilikda gap sotish.
Dapak,Tepag ªon.
dapalashma,bir necha kishilarning uzaro mushtlashishi
Dapsinma,"Tepsinma, o ªz bilganingni qilaman, deb chiranma."
Darak,Terak
Darakli,"Tegishli, kimgadir suyanib ish qiladigan, falonchiga qarindosh."
Daryo,"Childirma, doira."
Daryokash,Doirachi
Daryoni chirt,Doirani (childirmani) chal.
Darpanish,Qimirlash
Darra,"Qizlarning ro ªmolidan eshilgan qamchi, o ªyin turi"
Dars,Mol go ªngi
Dasmoya,Ustaning asbob uskunalari
Dastur,"Odat, qo ªllanma."
Deyib getdi,Tegib ketdi
Deyishma,Hazil (ot)
Deyma,Tegma
Deravarsin,Rahmatlik manosini anglatadi
Desh-davarak,Chor-atrof
Deshon qala,Qaladan tashqari hudud.
Deshon qala devori,Tashqari qala devori.
Deshon qalada,Ichkari qaladan tashqarida.
Digirjak (diljak),G ªildirak
Dig ªiriq,Tor ko ªcha (tupik)
Didi yo ªq,"Didsiz, o ªziga yarashmaydigan kiyim kiyadi"
Didina mos,"Ko ªngliga mos kelgan, o ªylagan narsani topgan"
Diz,Tizza
"Diyma, duyma.",Tugma
Dik,Tik
Dik o ªlasan,"Aniq, muqarrar o ªlasan.Bir uraman aniq o ªlasan."
Dikkayib o ªl,"Ishi yurishib, gerdayib, boshqalarni pisand qilmagan odamga monand"
Dikma,"Gerdayib yuradigan, hech kim bilan hisoblashmaydigan odam."
Diq,Teshikni biron narsa bilan bekit.
Diladim,Tiladim.
Dilay,Tilak
Dilay dila,Tilak tila
Dildan qolg ªoyson,Gapirolmay qolgaysan (So ªkish turi).
Dilik,Qovun tilimi
Dilkor,Suvoqchi usta
Dillashmak,"Til biriktirish, kelishib olish, gapni bir joydan chiqarish."
Dilmoch,Tarjimon
Dilovor,Gapga chechan
Dim,Juda
Dim sara,Juda yaxshi
Dimiqdim,Havo etishmay qoldi
Din,"Jim bo ªl, og ªzingni yum, yig ªlayverma."
Ding,"Ustun, kungura."
Dingngisiz,Tinib tinchimas
Diniq,Tiniq (shaffof) suv.
Dinor,Tanga
Dirab qo ªy,Tirab qo ªy
Diram,Pul
Dirdin,Ozgina
Diri,Tirik
Dirnoq,Fundament-poydevor
Disliq. Disliq sochoq.,Kir bo ªlib ketgan. Kir sochiq.
Dish,Tish
Dish cho ªp,Tishkovlagich
Dishak,Tishsiz
Diya,Tuya
Dodimidi,Tarqatganda hammaga etmaydigan darajada oz.
Dodimoq,Etarli bo ªlmoq
Dodingni beraman,Dabdala qilaman
Dodlama,"Baqir-chaqir qilma, sasingni o ªchir"
Dodov,Oyoqqa turish
"Doyg ªoq, doyinjoq",Sirpanchiq
Doyi,Tog ªa
Doyib getdi,Sirpanib ketdi
Doyinmojoq,Muz ustida o ªynaladigan o ªyin turi
Doyirdoma,Kekkayaverma
Doymoq,Aytgan gapidan yoki lafzidan kaytmoq.
Doloshmoq,Talashmoq
Domoq (emak),Ovqat
Domoq yog ªi,"Ochofat, ovqatdan boshqa narsani o ªylamaydigan odam"
Domoqso ªv,Ko ªp ovqat eydigan odam
Domor,Tomir
Domchi,Tomchi
Domchilab suvorish,Tomchilab sug ªorish
Dondingmi?,Vadangdan qaytdingmi?
Donilg ªan odam,Dongdor odam
Donilg ªon,Obro ª-etiborli
Donish (ot),Tanish odam
Dog ªi,Va boshqa
Dog ªla,Yog ªni dog ªlash
Doqmo,"Taqmoq, o ªz masuliyatini birovga yuklovchi odam."
Donish (fel),Tanishib ol.
Donishim,Tanishim.
Dori,Tariq
Dorima,Bundan buyon ko ªzimga ko ªrinma
Dorimoq,Bir ko ªrinish bermoq
Dorong ªi,To ªrong ªil
Dosmol,Qozon yuvadigan sochiq
Dotmoq,Tatib ko ªrish
Dosh-damir,Juda qattiq
Dosha go ªkaradi,"Gap tasir qilmaydigan, o ªz so ªzidan qaytmaydigan odam."
Doshyoq,"Tosh tomon, shahardan chetdagi juda qattiq tuproqli hudud."
Doshnom,"Seni u qilaman, bu qilaman deb o ªzini kuchliroq ekanini bildirib qo ªyish."
Doshoyoq,"Ariqning oxiri, oyoqi (chegarasi) toshli erga boradi."
Dosho ªviz,Doshhovuz ‚ÄìTurkmanistondagi viloyat
Dubulg ªa,Temir qalpoq
Do ªv,Dev
"Do ªv, dap",Tep
Duvak,Bolaning beshikdagi tuvagi.
Duvalang,Kuchli shamol
Do ªvish,"Maydalash, sholi yanchib guruch qilish."
Duvoq,Qozon qopqog ªi.
Do ªvcha,O ªrikni ilk etishmagan mevasi.
Do ªg ªdi,Ko ªzi yoridi.
Do ªg ªma,Birinchi o ªg ªil bola
Do ªg ªra,Go ªshtni to ªg ªra
Do ªg ªri,To ªg ªri
Do ªg ªromo,Maydalab pishirilgan go ªsht
Dud,Tutun
Do ªddi,Fahm-farosatsiz
Do ªdoq,Lab
Dudola,Nima qilishini bilmay xayol surish xolati
Dudut,Mashina (bola tilidan)
Duz,Tuz
Duzi kamis,Tuzi kam
Duzik,"Tuzik, yaxshi"
Duy,"Tug, mahkam bog ªla."
Duydirib qo ªy,Kimligimni sekin bildirib qo ªy.
Duyilmak,Ovqatga tiqilib qolmoq
Duyinjik,"Tugun, bo ªxchama."
Duymoq,Sezmoq
Duynak,Xom qovun
Do ªk,To ªk
Dukort (Gurlan tumani),Qaychi
Dul,Beva
Do ªla,Chayla
Do ªlado ªq,To ªladan kelgan odam
Do ªldirib quy,To ªlatib quy
Do ªli,Juda kichkina idish
Do ªlishmoq,"Etilmoq, semira boshlagan"
Dulli dushdan,Chor tarafdan
Dum o ªtishtirding,Juda oshirib yubording
Do ªmbo ªyin,Ishyoqmas
Dumon,Dud.
Do ªn,To ªn
Do ªnak,Bir so ªzda turmaydigan odam.
Do ªngdim,Sovuq qotdim
Do ªngiz,"To ªng ªiz, cho ªchqa."
Do ªngmoq,Sovuq qotmoq
Do ªndirma,"Bolalar o ªyini, tanga yoki forfor idish sinig ªini yana bittasi bilan urib to ªntarish"
Dunib o ªtiribdi,O ªz xayoli bilan band bo ªlib o ªtiribdi.
Do ªnmas,"Gapda engib bo ªlmas, baquvvat, bir so ªzda turuvchi"
Dunuk,"Darcha, tuynik"
Dur,To ªxta
"Do ªramak. San nerdan
do ªragansan.","Yaralmoq, tug ªilmoq.San nega bunday yaralgansan, tug ªilgansan."
Durvadik,Gaplashib turgandik
Durdivoy (ism),Turdiboy (ism)
Durishino qoro.,Turishini ko ªr.
Durishta,"Xashak bilan kunjara, kepak aralashtirib tayyorlangan mol emi."
Durma berda,Bu erda turma
Durmoq,To ªxtamoq
Durtib yuvar,Turtib qo ªy
Durtki,Turtki
Do ªsoq,Hurmatga loyiq ko ªrilmaydigan tanish- bilish.
Do ªxtir,Doktor
Dush,"Tomon, taraf."
Do ªsh,"Qush ko ªkragi, to ªshi."
Dush tomona,Xohlagan tomona
Do ªsha,Yoz. Polga gilam yoz.
"Do ªshay, do ªshama","Polga, erga to ªshaladigan gilam, poyondoz, kigiz va boshqa"
Do ªshalavarma,O ªzingni oyoq osti qilma
Do ªshalmak,"Yalinmoq, birovni oldida o ªzini oyoq osti qilmoq, kamsitilishga rozi bo ªlmoq."
Dushgaldi,"Oldimdan chiqib qoldi, uchratib qoldim"
Do ªshib chiqsin,Teshib chiqsin (so ªkish)
Do ªshik,Teshik
Dushinda O ªyni dushinda.,Ro ªparasida. Uyning ro ªparasida
Duyun,Biror bir yuzada turtib chiqqan joy
Do ªg ªg ªanim,"Qadrdonim, birga tug ªishganim, yaqin odamim."
Do ªqima,"Bekor gap, to ªqima gap."
Do ªqima gap,O ªylab topilgan gap
Do ªqima gappingni qo ªy,"Gapni opqochma, gapnam ham juda oshirib yuborasan"
Eddi go ªrimingni go ªrgaysan,"Etti kafaningni ko ªrgaysan, deb so ªkishni bir turi"
"Ezda
(Hazoraspda ishlatiladi)","Kuyov, pochcha"
Eyilib yozilgan oila,"O ªziga to ªq, serfarzand, piru badavlat, mahallada ibratli oila"
Eyma,"Asosan, bolani o ªrash yoki ko ªrpa-to ªshakni yopib qo ªyish uchun ishlatiladigan yupqa ko ªrpa."
Ekan,Yakan ‚Äì ko ªllarda o ªsadigan o ªsimlik.
Elvirash,Hilpirash
Enga,Kelinoyi
Er qiri,"Juda ko ªp, mo ªl."
Er tuti,Qulupnay
Etar-etmas (oila),Kambag ªal (oila)
Yo,Yoki
Yo vonli yo bonli,U yoqli yo bu yoqli.
Yovliq,Ettinchi avlod zurriyod
Yovloq,"Tinch kenglik, dala."
Yovo,Panshaha
Yovon,Qishloq
Yovonli,Qishloqi
Yog ªi,Dushman
Yog ªirni,Yag ªrin
"Yog ªish, yog ªmur, yomg ªur",Yomg ªir
Yog ªlov,"Yog ª kuydiradigan qozon, tovon."
Yodima sol,Eslatib qo ªy
Yozg ªit,Taqdir
Yozdir,Ech
Yozin bo ªyi,Yoz faslining oxirigacha
Yozliq,Erta pishar bug ªdoy
Yozmak,Yoymoq
"Yoq (Gurlan va Yangibozor
tumanlarida)",Yo ªq
Yoqmos,Odati past
Yoqolomoq,Biror nima bo ªylab (ariq qirg ªog ªidan) yurish
Yoqolosh,Janjal
Yoqoloshish,Urishmoq
Yoqti,Yorug ª
Yoqti dunyoga chiqdimi?,"Farzand sog ª-omon tug ªildimi, onasi yaxshimi? deb so ªralgani."
Yola galgan,"Sigir, it yoki boshqa bir urg ªochi hayvonning kuyga kelishi"
Yolaza,"Shamol esib turadigan hudud, maydon"
Yoling,Olov tafti
Yolmonboy,Juda uddaburon
Yolmontaka,Ochko ªz
Yoloq,Itga ovqat beriladigan idish
Yolpillab getibsiz.,"Yuzi to ªlishib, yaltirab ketibdi, qizlarga nisbatan aytiladigan maqtov."
Yolposhg ªon,"Ezilib ketgan, buklanib qolgan."
Yom,"Choh, chuqurcha"
Yomoq,Yamoq
Yomon bola,"Gohida hazillashib, to ªg ªri so ªzli, aqlli bolalarga baho beriladigan so ªz"
Yompiq,Biror bir qiyshaygan yuza.
Yongaziq,Eshik romi
Yongoshqadan,"Qaytadan, boshdan"
Yonqi,Boyagi
Yop,Kanal
Yopdingmi,Tandirda non yopib qo ªydingmi
Yopishtir,Urib tashla
Yor,Arra bilan kes
Yorg ªi,Ikki kishi ishlatadigan ikki dastali arra
"Yorqach (Gurlan,
Yangibozor
tumanlarida), yorchiq (Xivada)",Yog ªochning tikondan katta bo ªlagi.
Yorog ª,Qurol
Yot,Begona
Yotiring,Yotqizing
Yotliq,"Shajarada oltinchi avlod, yot bo ªlib ketar ekan, birinchi avlodlarni ko ªp hollarda tanimaydi"
Yotoq to ªppi,Tunda kiyib yotiladigan do ªppi
Yoshardi,"Inson ko ªngli ko ªtarilganda, hursandchi-likdan yuz-ko ªzi yorishib, yasharib ketganga o ªxshaydi"
Jayxun,Amudaryo
Jammob,Ipak mato to ªquvchi
Janazak,Jonsiz
Janazak bola,Quvvati yo ªq bola
Jangli,Ovoz chiqarib uchadigan varrak
Jez,Mis
Jibiq,"Ko ªzi kasal, yoshlanib yuradigan kishi."
"Jig ª atdi, yuragi jig ªladi",Yoqtirib qoldi
Jig ªa,Qizlarning bosh kiyimi bezagi (tovus pati)
Jizziq,Jizza
Jizziqinga deydimi?,Nafsoniyatingga tegdimi?
Jik,"Boladan yashirinib, u topaolmasa jik deb ko ªrinish beriladi"
"Jiq, jiyq.",Paxta tolasini chigitdan ajratuvchi uskuna.
Jiqqa,Xo ªl
Jil,Yupqa qilib yoyilgan xamir
Jilam-jilam,Yirtilib-so ªkilib aftodasi chiqib qolgan kiyim
Jilli,Jinni
Jiloshi,"Xamir ovqat, xamirni lag ªmonga o ªxshatib tayyorlab pishiriladigan suyuq osh (unoshi)"
Jimsi,"Har narsadan shubhalanuvchi, mayda gap, ezma odam."
Jing-jing,Jonga tegadigan past ovozli kishi
Jinqirama,Bezovta bo ªlaverma
Jinnaqdin,Ozgina
Jir,Mojoro
Jirviq,Odobsiz
Jirqi,Etikning g ªirchillashi
Jirpildomoq,"Erkalanish, yoki bir joyda turolmay o ªzini ko ªrsatishga harakat qilish"
Jirchi,Janjalkash
Joy sol,Yotadigan joyni tayyorla
Jollimisan,Joning bormi degan manoni anglatadi
Jom,Mis kosa
Joni ichina sig ªmidi,"Achchig ªi chiqqan, jahli tushmayotgan kishi"
Joni so ªvil,Mashaqqatlarga bardoshli odam
Joniqish.,"Nimagadir, qaergadir qattiq shoshilmoq."
Joniqmoq,Qattiq shoshilmoq
Jonimni yoqmo,Achchig ªimni chiqarma
Jonli,Zo ªr
Jonsiz,Zaif
Jonuzoqi,"Kasalmand odam, shu holda uzoqqa bormaydi"
Jor solmoq garakmidi,"Ish bitmay turib, ishni natijasi haqida hammaga elon qilish kerakmas."
Jubba,Yosh bolalar paxtali ko ªylagi
Jo ªvirta,Atayin
Jo ªvirta galdim,Ataylab sizni ko ªrish uchun keldim
Juvoyi,Jufti
Jugur,Uchli tosh
Jo ªjiq,"Yosh bolani zo ªr bolasan, deb suyadilar."
Jo ªyi,"Ayyor, lo ªli, aldoqchi."
Jo ªqqi,Maqtanchoq
Jumalak,"Qizlarni tor-tor qilib eshilgan sochi, qokilchasi"
Jumyoz,Jumaniyoz
Jundik,Bolalar labi
Jupla,Bopla
Jupladim,Bopladim
Juplamak,Chuv tushirmoq
Jo ªrop,Paypoq
Jurra,O ªsmay qolgan odam
Jurrik,Pishmagan qovun
Jurshik (jurtik),Juda mayda
"Jo ªsh (fel
buyruq mayli)",Mehmon qil.
Jo ªshmachi,"Qo ªli ochiq, sahiy"
Juyan,Oq jo ªhori
Zabirdovuq,"Chaqqon, tez yuradigan."
Zavol bo ªlmasin,Hech kim bevaqt o ªtib ketmasin
Zaqirdat,"Tezlat, chaqqonlashtir"
Zaqqum,"Zahar, o ªta achchiq."
Zambar,Zambil
Zamoriq,Qo ªziqorin
Zang qot,Jim tur
Zangi,Narvon
Zar,Zahar
Zarang,"Qattiq, muzdek qotib qolgan"
Zarli ilon,Zaharli ilon
Zatarak atdi,Qiynab yubordi
Zaxak,Mug ªombir
Zahmat,"Mehnat, azob chekish."
Zeysuv,Er osti suvi
Zigirik,Mol dumg ªazasi
Ziyoga chiqadi,Zoe ketadi
Zil,Og ªir
Zing,Uloqtir
Zingillamoq,Xirgoyi qilmoq
Zinglovuq,Sariq rangli ari
Zingngit,Uloqtir
Zinqildamoq,"Bolaning injiqlik qilib, to ªxtab to ªxtab yig ªlashi."
Zipla,Ko ªrinmay qoch
Ziptirim,Yopishqoq modda
Zir-zir,Ich ketishi
Zirriq,"Najas, mol chiqindisi"
Zirtiq,Vazelin
Zihna,Ziqna
Zovolo,Zuvala
"Zog ª (Paxta zog ª bo ªlib
ochilibdi)",Lo ªpi-lo ªppi. Masalan: Paxta barq urib ochilibdi.
Zog ªora,Oq jo ªxori unidan qilingan bulka-non
Zomcha,Handalak
Zondi,Avlodi
Zondingni ayt,"Kimlardan bo ªlasan, sulolangni gapirib ber (ota ‚Äìonang, bobolaring kimlar, deb surishtiriladi)"
Zort,Inson tanasidan qattiq el chiqishi
Zuvlab getdi,Tezlashib ketdi (yugurib ketdi)
Zo ªqoq,Baland bo ªyli
Zumakon,"Zimiston, o ªta qorong ªi joy."
Zo ªrdan galdim,"Yo ªllar yomon ekan zo ªrg ªa etib keldim,"
Zo ªrdan o ªtdim,"Zo ªrg ªa o ªtdim, tuynuk tor ekan"
Zo ªrriq,Uzunchoq piyoz
Ibi,Hov
Ibiyay,Hov-hov
Iva,Ho ªl
Ida,Jiyda
Idagul,Jiyda guli
Idilli,Risoladagidek
Izg ªor,"Xo ªl, namlangan."
Iyi tutdi,To ªlg ªoq tutdi
Iyq,"Suv oqimi, ariqni sokin oqadigan joyi."
Iyri,"Yirik, yo ªg ªon"
"Il(fel buyruq
mayli)",Qulfla
Ilgak,"Kiyim osib qo ªyadigan moslama, veshalka"
Ildila,Uyni kulfladilar
Iqqilldoviq,Hiqichoq
Ildir,Ilib qo ªy
Ildirma,Ko ªk go ªmma pishirganda
Ilik,Qulflangan
Ilimoq,Yon bosmoq
"Ilki, uzumni ilki","Ilk, uzumni ilkini (endigina pishganini Shahrizoda eb ketdi)"
Illat,Ofat (kasallikka oid)
Ilma,Eshikni qulflama
Iloyim,Battar bo ªl
Ilon yostiqi,Daraxtlarning ildizini eydigan zararkunanda hashorat
Im-simda bajar,Hech kimga bildirmay bajar
Imaklamoq,Emaklamoq
Imiq joy,"Issiqqina, shamoldan pana joy."
Imiq ziyofat,Oz kishilik ziyofat
Imr dumon,"To ªs to ªpolon, hamma yoq dam olib bo ªlmas tutun bo ªlib ketdi"
Imsim,Bildirmasdan
Ina,Mana
Indi,Endi
Indi so ªlla,Endi gapir
Injitma,Hafa qilma
Ini,Og ªa ini
Inna,"Nina, igna"
Inobi,Manabu
Inon,Ishon
Inonchli,Ishonchli
Intiqmoq,Intizor bo ªlmoq
Irg ªanavarma,Qimirlayverma
Iring,Yiring
Irkilibman,"Sal uyquga ketibman, uyquga ketganimni bilmay qolibman, juda qisqa muddatda uyquga ketgan. Ko ªzim irkilgan ekan, kelganingni bilmay qolibman"
Isvant,Isiriq
Isirg ªa,Sirg ªa
Isitma,Kasal turi
Iski pasod,To ªs-to ªpolon
Isqirt,Ziqna
Isop,Qoyil qolmoq
Ispiqilont,Chayqovchi
Istamak,"Xohlamoq, sog ªinmoq"
Istisqo,"Injiq, nozik odam."
Italab yuvar (mashinni),Itarib yubor (mashinani)
Itdirsak,"Govmichcha, govmijja, ko ªz qovog ªiga chiqadigan yiringli chipqon."
Itizg ªa,"Yaramas odam, qaerga borsa shu erda tinchlik buziladi."
Itog ªiz,Og ªzidan yaxshi gap chiqmaydigan odam
Itoshiqidin,Juda oriq odam
Itchivin,Bo ªka
"Ixii, oyoq olishing boshqacha ko ªrinadi","Exee, xatti‚Äìxarakating boshqacha ko ªrinadi, mansabda ko ªtarilib, kekkayib kelganga nisbat"
Ich,Qorin
Ich go ªynak,Yotishda kiyadigan kuylak
Ichi o ªtibdi,Ich ketgan (diareya)
Ichikib kulish,Ichak uziladigan darajada kulish
Ichim o ªvishdi,Rahmim keldi
Ichon,"Ichkari, ichki"
Ichon qala,Ichkari qala
Ichonni qorob chiq,Ichkarini qarab ko ªr
Ish maktabi,"Mehnat maktabi, ishlab o ªqiydiganlar uchun maktab"
Ishvalak,Xushtak
Ishqir,Ishton bog ªi
Ishtay,Ishtaha
Ishundat,Mana shunday qil
Iya,Ega
Yig ªirjiqlan- moq,"Istar istamaslik, noxush ahvoldagi xolat"
Yiyman sani,"Seni eb qo ªyaman, deb bolani erkalash."
Yilvo ªy,Yalpiz
Yilg ªin,Yulg ªun
Yildam,"Kuchli, tez oqadigan suv."
Yildirim,Chaqmoq
Yilib ketdi (qo ªldan),Sirg ªanib tushib ketdi
Yilimji,Laganbardor
Yilimtiq,Bemaza
Yilish,Suril
Yilma,Silliq
Yilmoviq,Juda tekislangan
"Yilmola, girmola",Suvoqni silliqlaydigan asbob.
Yilpish,Tilyog ªlama
"Yimolondim yimoq topdim, yimoqni ichindan taroq
topdim.",Bolalar o ªyini turi.
Yip,Nozik arqoncha
Yip bo ªl,Jim bo ªl
Yo ªg ªich,"Jo ªva, xamirni yoyish uchun ishlatiladigan buyum."
Yo ªl usti,Yo ªl-yo ªlakay
Yo ªlvors,Yo ªlbars
Yo ªliqtirmoq,Uchratmoq
Yo ªlliq,Safarga ketadiganlarga beriladigan pul
yumirta barak,tuxumdan chuchvara
Yo ªng ªichqa,Quruq beda
Yo ªnig ªchi,Duradgor usta
Yo ªnqa,Juda mayda o ªtin
Yo ªrg ªa ot,Tekis yuradigan ot
Yo ªrinja,Beda
Kabza,Kurak suyagi
Kavop bo ªl,"Kabob bo ªlgaysan, so ªkishni bir turi, kuyib o ªlgaysan degani"
Kadi,Qovoq
Kaj,O ªjar
Kayvoni,"Oqila, boshqalarga ibrat bo ªladigan, hammaga so ªzi o ªtadigan obro ªli ayol."
Kalavarang,Fikri joyda bo ªlmagan odam
Kalak,"Cho ªntiq, sochi tekis o ªsmagan."
Kalaki,Shoxsiz qo ªchqor.
Kalantar,"Malum xududda, ayrim sohalarda muammolarni echimini topuvchi, maslaxatchi, to ªg ªri yo ªlga boshlovchi, etakchi. Katta bobomiz Madali jammob, tarixiy kitoblarda bayon qilinganiga qaraganda Xivadagi to ªquvchilarning kalantari bo ªlib tanilgan."
Kalla boshoyoq,Kalla-pocha
Kalla pishdimi?,Yaxshi uxladingmi?
Kallaqand,Katta mushtdek oq qand
Kallang qurg ªoy,Esing qursin.
Kallang nerda,"Kallang joyidami, miyang bormi"
"Kallanga
singdirib ol",Miyanga quyib ol
Kallanga quyib ol,Yaxshilab tushunib ol
Kallasiz,"Miyasiz, aqlsiz"
Kalo attim,Boqib tarbiyalab voyaga etkazdim
Kalo bo ªldi,Voyaga etdi
Kalovzan,Beso ªnaqay
Kaltikalos,Kaltakesak
Kalchik,Tili chuchuk odam
Kamzul,Kostyum
Kamis,"Kam mol, kami bor ish, kam-ko ªstli"
Kangshirik,Halqum
Kant,Qishloq markazi
Kapak,Un kepagi
"Kapdi (Hazorasp
tumani),   ko ªvdi (Gurlan tumani)",Quridi
Kapkir,Kapgir
Kappon,A
Karvuch,G ªisht
Karsan,Chuqur yog ªoch tovoq
Kas,"Gapni kamaytir, gapni to ªxtat"
Kasa,Ko ªndalang
Kasa chiqqinji,Ko ªzda tutilmagan xarajat
Kasa chiqma,Menga ro ªbaro bo ªlma
Kasik,Kesilgan
Kasma,Kesma
Kat,"Shaharcha, qo ªrg ªon"
Katyon,Ko ªl-cho ªllarda o ªsadigan tikanli o ªt
Katman,Ketmon
Katxudo,Obro ªli inson
Kashshof,Pioner
Keyinga bostir,Orqaga hayda
Keyni,Oxiri
Kilit,Kalit
Kin saqlamaq,Gina-qudrat saqlamoq
Kipr,Darvozabon (futbol o ªyinida)
Kirish,Qovun tilimi
Kirmoningni,Qaddi bo ªyingni
Kirpi,Tipratikon
Kirpik,Kiprik
Kisa,"Kissa, cho ªntak."
Kichchi,Kichik
Kishmish,Shibirg ªoni uzumdan qilinadigan mayiz
Kisht,"Tovuq, qushlarni haydash, quvish."
kltirik,ozgin
Kon,Ko ªp
Kosa,Piyola
Ko ªvish,Elim kalish
Ko ªvlamoq,Kovlamoq
Ko ªvsan,"Hosildan qarindosh-urug ª, qo ªshnilarga hadya sifatida beriladigan ulush."
Kulanggi,Urushqoq xo ªroz zoti
Ko ªlik (Gurlan t.),Ulov
Kulta,"Bog ªlam ( Beda, jo ªxori, go ªzapoya bog ªlamlariga nisbatan ishlatiladi)"
Ko ªlcha,Erni sug ªorishda olinadigan kichik maydonchalar.
Kuma,Er-to ªla
Ko ªnglim do ªq,Ko ªnglim tinch
"Ko ªnglinga
duyganing bomi?","Yigitga, qiz tanlashdan oldin beriladigan savol: ko ªz ostingga olib qo ªyganing bormi?"
Kunda,Omoch
Ko ªp vax bo ªldi go ªrinmisan,Ko ªpdan beri ko ªrinmay qolding
Ko ªp vax bo ªldi loyli suva tushmadik,Ko ªpdan beri loyqa suvga cho ªmilmadik
Ko ªpir,Ko ªprik
Ko ªpisini bilmisan,Ko ªp gaplardan habaring yo ªq
Ko ªpchin,Divan ustiga qoplangan prujinali to ªshama
Ko ªrak,G ªo ªza ko ªsagi
Kuramoq,Qazimoq.
Kurvit,Gugurt
Ko ªrik,"Temirchini o ªt yoqadigan joyi, havo puflagichi"
Kurmasichon,Kalamush
Kurra,Xo ªtik
Kurta,Yosh bolalar paxtalik ko ªylagi
Ko ªs,Qiyshiq
Ko ªshayana,Go ªshangga
Lablabi,Lavlagi
Lavant,"Dangasa, ishyoqmas, landovur, qo ªlidan ish kelmaydigan odam"
Lavop kosa,Kosa
Laylak,Tuturiqsiz odam
Lakki,Kichik tovoqcha
Lali,"Chuqur bo ªlmagan katta tavoq, patnis"
Langar,Darvoz muvozanat saqlash uchun ishlatadigan xoda
Langngi,Lanka
Lapa,"Xat jo ªnatadigan, qog ªozdan qilingan xat joylashtirilib, yopib kleylanadigan yumoq, konvert"
Lappas,Tepsa tebranmas
Lechak,Kapmirlar boshiga o ªraydigan uzun ro ªmol
Likuv,Likopcha
Lovya,Loviya
Loqirdomo (Fel buyruq m.),"Tinch o ªtir, bekorga gapirib oraga suqilma."
Loqqi,Mahmadona
Lol bo ªl,Og ªzingni yum
Lop urmo,Yolg ªonni oshirib yuborma.
Lopi kaj bo ªldi,Hafsalasi pir bo ªldi
Loplob yonadi,Gurlab yonadi
Loplomo,To ªq qizil alvon
Lo ªbbon,Yirik gavdali odam
Lo ªzina,Milliy shirinlik
Luk,Palag ªda tovuq tuxumi
Lukcha,Yaxlit
Lo ªqqi,Yirik
Luqma,Ovqat
Lunggi,Yog ª artish uchun sochiq
Lo ªngngir,Semiz
Lo ªnj,Lab
Luplatib,To ªldirib bir kosa suv ber
Lo ªtra,Suyuqlik solingan idishda qolgan cho ªkma
Madrap,Hojatxona
Mazzapsiz,O ªz fikrida qatiy turmaydigan odam
Mayda sitqadan o ªtir,Mayda teshikli cho ªmichdan o ªtkaz
Mama,"Emizikli bola tilidan onasining ko ªksi, ko ªkragi"
Mamla,Muomala
Manglay,Peshona
Manglayi qora,Manglayi sho ªr
Manjashmak,"Janjallashmoq, aytishmoq, bahslashmoq."
Manot,Pul birligi
Maska,Uzum navi
Massi,Maxsi
Massi ko ªvish,Maxsi kalish
Mattal atmak,Kimnidir muhtoj qilish
Mattal bo ªlish,Kimgadir muhtoj bo ªlish
Mashinchi,Tikuvchi
Mazi,Bekorga
Mejana,O ªrik danagi
Meyin,Miya
Meymon,Mehmon
"Meyni
chayilgan","Miyasi qo ªzg ªalgan, aynigan, miyasi buzuq"
Meynimni chaqib ichdi,Ko ªp gapirib miyani chalg ªitgan odamga nisbat
Mehtar,Qo ªriqchi
Mechit,Masjid
Mijji,"Har narsaga gap topaveradigan odam, maydachi"
Mijili bormoq,Kichkina beshinchi barmoq
Miylang,Boshi garang
Milg ªayib tushdi,Shalpayib tushdi
Minjik,Munchoq
Mirg ªa,Yangi unib chiqqan o ªt
Mirzavoshshi,"Suvda, yumshoq loyqa joylarda yashaydigan hashorat. Kechalari chir- chir sayrab turadi"
Mita,Kana
Mitaram,Dugonalari chetlagan qiz
Mishmoq,G ªirromlik qilmoq
Movarounnohr,Daryoni nariyog ªidagi mamlakat
Movot,Hasham.
Movot atmak,Maqtanish
Movotchi,Hashamga o ªch odam
Mog ªzovo,"Ko ªp gapiradigan, bir gapni ko ªp takrorlaydigan ezma odam"
Mog ªoldoq otmoq,O ªmboloq oshmoq
Modormo,"Shijoatsiz, masuliyatdan qochadigan odam."
Mojik,Kichik jonivor
Mozorbosti,Safardan keltiriladigan sovg ªa
Moyip,Nogiron
Molg ªom,Balg ªam
Molinga mahkam bo ªl,Mol-mulkingni extiyot qil
Molni teyini qurila,Molni tagiga quruq qum yozib yubor
Mongo qoro,Menga qara
Morqo,Oppoq
Mosliq,"Tozalanmagan, iflos."
Motoq,Matyoqub
Motsekil,Mototsikl
Moshkichili,Moshdan qilingan quyuq osh
Mrat,Manzirat
Mujili barmoq,Qo ªlning kichik barmog ªi
Mujmal javob,"Noaniq , tushunarsiz javob"
Mo ªlat,Muhlat
"Mo ªldak (Gurlan
t.)",Qo ªshimcha tomorqa eri
Mo ªmisoz,Ish quroli
Mung,Qayg ªu
Mundin,Bunday
Mundin bo ªladi,Bunday bo ªladi
Muning bo ªlmidi,Bunisi bo ªlmaydi
Munkib,Aldab o ªzini kuchsiz ko ªrsatish
Mo ªncha,Hammom
Murosaga galdik,"Kelishdik, yarashdik"
Mut,"Tekin, bepul"
Mo ªt,"Baxna, birovni qo ªliga qarab qolgan"
Muttik,Kurtak
"Mush (do ªrtmush, uchmush)","Burchak (to ªrtburchak, uchburchak)"
Na balo?,"Nima balo, munchalik, ofat bo ªldimi?"
Na vilin (bilin),"Bilmasam, bilmadim."
Na dadim,"Nima debman, senga nima degandim."
Na dading?,Nima deding?
Na dasang divar,Nima desang deyaver
Na disan?,Nima deysan?
Navilo olish garak,Nimalar olish kerak
Nazallab ot,Nishonga olib ot.
Nazarlamak,Nishonga olmoq.
Naloj atin,Nima qilay?
Nax to ªlov,Naqd to ªlov
Nallash,Ko ªchat o ªtqazmoq
"Nalcha, nal","Ko ªchat, nihol."
Nerda yuribsan?,Qaerda yuribsan?
Nigirik devor,Sinch devor
"Niish bo ªlipti, (Xonqa tumani), nishatipti ?
(Urganch).",Nima bo ªlibdi?
Nimkolo,To ªkis emas
Nichik?,Qalay?
Nishatin?,Nima qilay?
Novvi?,Nima?
Novolon (nabalo),Namuncha
Nozvoy,Rayhon
Noloj qoldim,Ilojsiz qoldim.
Nox,Ip
Nochor,Yolg ªiz (ersiz) qolgan ayollarga nisbatan aytiladi
No ªmay,Mo ªmay
No ªxarak (tezgazak),Suvarak
No ªxta,Otning yugani
No ªsh piyoz,Yangi ko ªkargan ko ªk piyoz
"Obirji, ovirji.",Noaniq
Obket,Olib ket
Ova,Ha
Ovich,Suqum
Ovqatni qotiribsan,Ovqatni boplabsan
"Od, oding kim","Nom, ism, isming kim"
Odog ªli,Unashtirilgan yoki vada berilgan
Oyo,Kaft
Oyoq,Suvning pastki oqimi
Oyoq suv,O ªz holicha oqib keladigan suv
Oyolvant,Ko ªp bolali
Oz,"Oriqla, qorningni yo ªqot"
Oziqdi,Yiringladi
Ozonqi,Ertalabki
Ozor,Azob
Oybolta,"Suyak chopadigan, go ªsht maydalaydigan bolta"
Oydin,"Yaxshi, o ªrtacha"
"Oydin ([i] qisqa
aytiladi)","Oqmaydigan suv havzasi, ko ªl"
Oyiq,Mast emas
Oyildi,Mastlikdan xushiga keldi
Oyilmoq,"Humordan chiqmoq, o ªziga kelmoq"
Oymoq,"Adabini bermoq, xatosini tan oldirmoq."
Oyniqsi. U oyniqsi odam,Ajabtovur. U ajabtovur odam
Oynonin,O ªrgilay
"Oyri, u oyri.",1) Shoxsimon yog ªoch. 2) Boshqa.
Oyrit,"Yo ªlni bo ªlingan joyi,charroha."
Oyro,Ayriliq
Oyroti,Boshqaga tegishli kiyimni vaqtincha kiyish
Oytvadim,"Aytgandim, aytuvdim"
Oytdimov,"Bilgandima, aytgandima"
"Oytmoso, oytqoncha","Aytgandek, aytgancha, aytganimdek"
Olaposirdi,Odam ko ªp joydagi tartibsizlik
Olapo ªta,O ªt
Olvirama,"Dovdirama, shoshilmay gapir"
Oldirib yubor,Sherikdan oldin ur
Oli,Olxo ªri
Olis,Uzoq
Olishib getdi,"O ªrganishib ketdi, bog ªchaga har yoqdan kelgan yot bolalar bir-biri bilan til topishib ketdi"
Olmurut,Noshvoti (nok) ning Xorazm navi
Ololi,Olaylik
Olongliq,"Chekka, juda kichik to ªqayzorga o ªxshash joy."
Olosi,Odamzot bor olasi bor degan ibora.
Oloxomma,Qovun navi
"Olchoq, olg ªir",Uddaburon
Ongi chiqishmidi,Farasoti etmaydi
Ongirqi,Narigi
Ongqildoq,Anqov
Ongqiroq eshak,Tinmay qattiq baqiradigan eshak
Ongroq suril,Nariroq suril (o ªtir)
Ongsot,Oson
Ongshirmoq,Fahmlamoq
Ondimoq,Sezdirmasdan kuzatmoq.
Opa,"Ona, oyi"
Og ªa,Aka
Og ªabey,Ziyofatni boshqaruvchi
Og ªaya,Og ªayni
Og ªzibirchilik,Ahillik
Og ªzingdan qoning gayay,"So ªkish, og ªzidan qoni kelsa o ªlishga yaqinlashgan bo ªladi"
Og ªzolachilik,Kelishmovchilik
Og ªizlamoq,Eslamoq
Og ªizli,"Tili o ªtkir, etiborli"
Og ªmoq,"O ªzgarmoq, so ªzida turmaslik."
Og ªromi yo ªq,Og ªir emas
Oq gurvak,Qovun navi
"Oq darak, go ªk darak",Bolalar o ªyini
Oq oyoq,"Pand beruvchi, ko ªchadan beri kelmaydigan odam."
Oq so ªvit,Oq tol
Oqar suv,Daryo suvi
Oqyog ª,Paxta yog ªi
Oqqin,Tez oqar suv
Oqliq,Fotiha to ªyida dasturxonga tortilgan qatiq.
Oqlovon,Aql o ªrgatuvchi odam
Oqnovot,Qovun navi
Oqriq,Okrug
Oqrovo,Haddan ziyod sho ªr ovqat
Opabiyi,Opa
Opka,Yosh bolaning talaffuzida opa.
Opo,Ona
Oppor,Olib bor
Optirama,"Qo ªrkmasdan, shoshilmay o ªylab gapir, adashma"
Opchiq,Olib chiq
Opchin,"Xarom narsa, tashlab yuboriladigan"
Orva,Arava
Oryono tosho,Nariga tashla
Orjo,Sandiq
Orzoqli,Ardoqli
Orqa,Elka
Orqa toza bog ª,Orqadagi (shimoldagi) yangi bog ª
Orqayin,"Xotirjam, bamaylixotir"
Orqi dunyo,Narigi dunyo
Orqindi sovun,Sovunning mayda qoldiqlari
Orqindi suv,"Kir yuvgandan keyingi suv, mag ªzava"
Orli,Nomusli
Orno,Katta kanal
Oroq sovun,Atirsovun
Orslon,Arslon
Ort,Yukla
Osi,Gunohkor
Osiq,Osig ªliq
Osil,"Eng yaxshi, asil"
Osma sho ªrva,Qaynatma sho ªrva
Osmoniy so ªllama,"Bilmasdan, asossiz gapirma"
Ostonroq,Sekinroq
Ostordesh,Yupqa chopon
Ostorlik,To ªshak-ko ªrpani ikkinchi tomoniga ishlatilgan mato
Ot,Musulmon yotqiziladigan tobut
Ot usti,"Yo ªl-yo ªlakay, shoshilinch kirib o ªtaman."
Otamagayan,"Keraksiz gap, keraksiz narsa (kesatiq: otamga kelgan o ªlimdek keraksiz, manosida)"
Otatangngi,Otaboy Tangriev
Otash,O ªt olov
Otyonoq (Gurlan tumani),"Cho ªziq yuzli (asosan, ayollarga nisbatan ishlatiladi), go ªzallik nisbatlaridan biri."
Otil,Atir
Otlamoq,Xatlab o ªtmoq
Otlos,Atlas
Otnoqda,U yoqda
Otnoqda- putnoqda,U yoqda bu yoqda.
Otov,"Orol, o ªtov, qora uy"
Otog ªiz,Ombur
Otoshxona,Chilimni o ªt yoqadigan joyi
Oxorli,"Yangi, yuvilmagan kuylak"
Oxsirmoq,Aksirmoq
"Oxtiqingni dum
arkalatavarma",Nevarangni judayam erkalataverma
Oxtixona,Molxona
Oxshom,Kecha
Oxshom go ªrinmading,Kecha ko ªrinmading
Oxshomqi,Kechagi
Ohd,Qasam
Ochilib getibsiz,"Chiroyliroq bo ªlibsiz, ancha go ªzallashibsiz"
Oshir,Ko ªpaytir
Oshqol-doshqol,"Mayda-chuyda, latta-putta, aralashib ketgan har xil narsalar"
Oshoq,Past
Oshoqa tush,Pastga tush
"Palaj, palaj gap","Yomon, yomon gap"
Palanch,G ªo ªzapoya bog ªlami
Paltik (til),Chuchuk (til)
Pam-parosatsiz,Fahm-farosatsiz
Pang,"Cho ªp-chor, qoziq qoqib suv yo ªli ko ªmiladi, pang beriladi"
Paqirdi,Suvning paqirdab qaynashi
Panis,Fonus lampa
Papa,Chaqaloq
Paravo ªzing yo ªq,Og ªzingni paravo ªzi yo ªq
"Parch. Sumkani ichi parcha
narsa.","To ªla, boshqa sig ªmaydi. Sumkani ichi to ªla narsa."
Parchik. Parchik non.,Shishmagan. Qalin bo ªlsada shishmagan non.
"Parchla. Xumni og ªzini parchlab bakla, uni bir
gap bilan parchla",Zich bekit.Xumning og ªzini zich qilib yop
Pasir-pusir,Birdan
Pat,"Sochni pati, taroqda ilashib chiqadigan"
Patik,Uyni shifti
Patila,Patli soch
Patingni engno,Soch patingni yig ªib ol.
Patrak,Elat nomi
Paxir,Nochor
Paxtani soyib qo ªy (soy),"Ko ªrpa, to ªshak tikishdan oldin toy paxtani maxsus ishlangan silliq tayoqchalar bilan urib soyish-yumshoqlantirish (paxta pufakchadek shishgan, og ªromi kam holatga keladi)"
Perak,Tovuq tuxumining yo ªg ªon dumba tomoni
"Pes, maxo ªv",Axmoq so ªziga yaqin so ªkish turi
Pechak o ªt,Atrofidagi o ªsimliklarga chirmashib o ªsadigan yovoyi o ªt
Pesh qildi,Ko ªrsatdi
"Pesh. Undan uzoq yur, peshing
deysa, kasib tashla.",Etak
Peshalab,"Titkilab, tovuqlar o ªziga emish axtarib hamma erni (tashlandiq uyumlarni ham) titkilab (peshalab) chiqadilar"
Peshalama,Tovuqqa o ªxshab peshalama (chosh-posh qilma)
"Peshini qoqib
ketaveradigan odam",Gap kor etmaydi odam.
Peshkir,Paxta teriladigan fartuk.
Peshsha,Chivin
Pzlo ªviq,"Bolalar o ªyinchog ªi, qulog ªini burasangiz vizzilab aylana boshlaydi"
Piyova,Yovg ªon sho ªrva
Piyonjiq,Piyanista
Pilik,Pilta
Pilis,mog ªor
Pirxima pishdim,"Terlab pishib, kiyimim nam bo ªldi."
Pista,Eryong ªoq
Pitta,Biroz
Pitta eb ol,"Hech bo ªlmasa ozgina, bir qoshiq tatib ket, ozgina bir bo ªlak eb ol, bir bo ªlak non bilan bir piyola choy ichgin"
Pishib turgan keksa odam,O ªlimi yaqin juda keksa odam
Pishik,"O ªta aqlli, mug ªombir, hayot tajribasiga ega odam."
Pishti,Qo ªshmachi
Plis,Mog ªor
Poyopul,Faqat piyodalar o ªtishi uchun mo ªljallangan ko ªprik
Poy,"Ulush, haq"
Poyir,Xamirturish
Poynak,Bosh kiyimning oldiga chiqib turadigan soyaboni
Poytovo,Etik kiyganda o ªraydigan yumshoq mato
Poki,"Soch-soqol oladigan o ªtkir tig ªli asbob, ustara"
Poq-poqoloq,"Poqqilama yomg ªir yog ªdi, keyin selga aylandi"
Poqloviq,Teri kuyganda paydo bo ªladigan pufakcha
Poqlovuq otdi,Kuygan terida pufakcha paydo bo ªldi.
Poqlomo,Paxlava
Polvon yop,Katta polvon kanali
Polvon pira borib galaman,Pahlavon Mahmudni maqbarasiga ziyoratga ketayotganini bildiradi
Polmin,Folbin
Polpis,Ozodalikka etiborsiz odam
Popoqchi,Telpak tikuvchi
Porsong,Uzunlik o ªlchov birligi
Posirdi,To ªs-to ªpolon
Posmonda,Madaniyatsiz odam
Pot-pot,Traktor
Potinka,"Qishki oyoq kiyimi, yarim etik"
Potirdomo,Pitir-pitir(beodoblik) qilaverma.
Potloq,Ko ªzi kattaroq ko ªrinadigan odam.
Potrot,Chatoq
Potti,"Harakatlari, kiyim boshi, gap-so ªzi boshqalarga yoqmaydigan, atrofdagilarga, o ªziga ham beparvo qaraydigan, tartibsiz odam."
Potti‚Äìputtingni yig ªishtir,"Uyda kerak-kerakmaydigan kiyim-kechaklar, o ªyinchoqlar, oyoq kiyimlari tartibsiz bo ªlib yotganda tanbex qilib aytiladi"
Poxxa,Suvi qochgan meva
Poxxo,Po ªkak
Poshsho,Podshoh
Poshshob,Jallod
Psmik,"Zimdan ish kiladigan, xamma joyga burnini tikib yuradigan"
Ptroq,"Yovvoyi o ªt, mevasi tikanli bo ªlib, kimdir tegib o ªtadigan bo ªlsa kiyimiga yopishib oladi, ayniqsa paxtazorda"
Po ªlqit,Ezilib suvi chiqib ketgan meva
Pullasa bo ªladi,"Pullamoq, biron narsani pulga sotib yuborish"
Po ªrsang er,"Zahkash, ariq atroflaridagi ekilmay turgan yumshoq erlar"
Po ªssiq,Yog ªda qovurilgan chalpak
Po ªstakla,"Shunday urginki, qaytib bu ishlarni qilmasin"
Po ªta,Ayollar ro ªmoli
Po ªxxa,Zaif
Pushta,Belkurakning orqa tomoni
"Pushta,pushtala b",Poliz ekinlarini egatsiz o ªstirish usuli
Qayiq lagan,"Bir vaqtlar, vannaxonalar yo ªq davrida qayiqqa o ªxshatib ishlangan lagan (tos) lar paydo bo ªlgandi, bolalarni cho ªmiltirish uchun"
Qayin,Mahkam
Qayishtir,Eg
Qala,"To ªldirmoq, tiqmoq"
Qibla toza bog ª,Qibladagi yangi bog ª
Qidiqi bo,Qitig ªi bor
Qidiqlomoq,Qitiqlamoq
Qidirishma,Sayoxat
Qidirishmag ªa getyotirman,Sayoxatga ketayotirman
Qiyomat,Oxir zamon
Qijimoq,Kichinmoq
Qizg ªinladi,Ish qizidi
Qizg ªonch,Qizg ªonchiq
Qizil qurt,Chuvalchang
Qiytor,G ªilay ko ªz
Qil dapa,Baland tepalik
Qildir,Begona o ªt turi
Qildiriq,Juda oriq bola
Qiliq,Odat
Qilchiq,Baliq suyagi
Qirg ªiz yop,Urganch shahridan o ªtgan kanal
Qiron galdi,Qirg ªin keldi
Qirtish,"Erning yuzgi qismi, erni qirtishidan olingan tuproqdan Xudo odamni yaratgan"
Qisliqish,Asabiylashib siqilish.
Qisliqovarma,"O ªzingni koyishni to ªxtat, ezilaverma."
"Qisnoq (Gurlan
tumani)",Daryoning toraygan joyi
Qistonmang,Shoshmang
Qit,"Kamyob, kam uchraydigan"
Qovarg ªon,"Ketmon chopib, kaftning u eri, bu eri shishib qotib qolgan holati"
Qoz,Kovla
Qoznoq,Oziq-ovqat saqlanadigan omborxona
Qozoqi qo ªy,Qo ªy zoti
Qozoqi ro ªmol,"Chit ro ªmol, to ªylarda tarqatiladi"
Qozolondi,"Olamdan o ªtdi, qazo qildi."
Qozuv,Ariqlarni loyqadan tozalash
Qoyiz,Daraxtning po ªstlog ªi
Qoyim,Mos
Qoyish,Beshbarmoqqa o ªxshash taom
Qoyish kurdik,Manparga o ªxshash taom
Qoymoq (Burgut qayib uchdi),Qanot qoqmasdan uchmoq.
Qoytish bo ªldi,Odam vafot etdi.
"Qoqa (bola
tilidan)","Qand, konfeta"
Qoqilg ªoysan,"Erga qoqilg ªaysan, qoziqqa o ªxshab qoqqayib turma"
Qoqirdob gulish,Qattiq ovoz chiqarib kulish
Qoqq atasan,"Bolaga yiqilib tushasan, urilib ketasan deyilgani"
"Qoqqoyib
durisha qoro",Gerdayib turishin ko ªr
Qoqqoymin o ªl,Kekkaymay o ªl
Qoqqoymo (ot),Tabiatan kekkayma odam
"Qoqqoymo (fel
buyruq mayli)",Kekkayaverma
Qoqrob qolg ªon er,"Suvsiz qolgan, cho ªlga aylanayotgan er."
Qoling,Kelinga mahr qilib beriladigan qalin puli
Qolingini olish,Yagonalash
Qollavoch,Qaldirg ªoch
Qoloq,Kichik cho ªmich
Qongirib tasha,Ag ªdarib tashla
Qonjiq,Urg ªochi it
Qonqoyma,Gerdayma
Qopi,Eshik
Qopil,Jim bo ªl
Qopini bakla,Eshikni yop.
Qopoq,Ko ªz qopog ªi
Qoppoyg ªon,"Shishgan, kattalashgan."
Qopriq,Shamol aylanmaydigan joy.
Qoptol,Yon taraf
Qopchib ol,"Otilgan to ªpni ushlab ol, tutib ol."
"Qopshiqdi, qopildi
(kesatiq)",Bozorda qolmadi .
Qopshirma,Go ªmmaning yog ªsiz qovurilgan turi
Qor atib getdi,Arazlab ketdi
Qor atmak,Xafa bo ªlmoq
Qor uchqunladi,Qor sekin yog ªa boshladi.
Qora kasak,Go ªshtning yog ªsiz joyi
Qora po ªchoq,Ichida qurt o ªlib qolgan pilla
Qoravuloq,Dala
Qoraqonni (zaqqim) ye,Koyishni bir turi
Qorauloq,Qoraquloq
Qorjong,Sal narsaga xafa bo ªluvchi odam
Qoriq,Egat (paxtazorni sug ªorishda olingan egat)
Qoriq berish,Palovni qozonda qorishning bir usuli
Qorinja,Chumoli
Qorqi,Oshli
Qormo,Shovlaning bir turi
Qormoq,Aralashtirmoq
Qoromiq,Odam terisiga toshadigan toshma turi
Qoromon gujum,Narvon daraxtining bir turi
Qorotqi,Suniy soqchi
Qorri,"Qari, keksa chol."
Qorri qiz,Qovun navi
Qorriboy,Erkaklar ismi
Qorsildop uchg ªoyson,Qattiq koyish turi
Qosnoq,Kepkaning poynagi
Qotirib qo ªy,O ªxshatib qo ªy
Qotirmoch,Yog ªsiz qovurilgan non
Qochor,G ªunajin
Qo ªvalamoq,Quvlamoq
Qo ªvib yuvardim,Haydab yubordim
Qo ªviz,Sholi po ªstlog ªi
Qo ªviq,Po ªstloq
Qo ªvip yuvar,Haydab yubor
Qo ªvirdoq,Dimlab pishirilgan go ªsht
Quvla,Qibla
Qo ªvlashmajaq,Quvlashmachoq o ªyini
Qo ªvliq,Beshinchi avlod
Qudirg ªon it,Quturgan it
Quyonjiq,"Quyonchiq, tutqanoq."
Qujoq ochib,Quchoq ochib
Qujoqlomoq,Quchoqlamoq
Qo ªzvoq,"Qo ªzg ªoq, soch ostidagi kepak"
Quyi,quduq
Qo ªysongo,Qo ªysangchi
Qo ªqin oshi,Mayit chiqqan uyda pishirilgan osh.
Qo ªqir,"Kibrli, manman, gerdaygan."
"Qul, qulsumoq",Badani sertuk odam
Qo ªlliq,Qo ªlqop
Qullop,Oshiq-moshiq
Quloq,Ariqning qulog ªi
Quloqchin (Popoq),Quloqni yopib turadigan telpak.
Qulp,Qulf
Qumpishik,Yumronqoziq
Qumri,Musicha
Qo ªngishi,Qo ªshni
Qundoq,"Yo ªrgak, yumshoq chit, matodan qilingan ro ªmol"
Qundoqlash,Yo ªrgaklash.
Qo ªnoq,Soch ostidagi kepak
Qo ªpdi. Suvoq qo ªpdi.,Biror yopishgan narsaning joyidan qo ªzg ªalishi.
Qur,"To ªylarda tomosha ko ªrsatiladigan, kurash tushiladigan davra"
Qurvoqqo,Qurbaqa
Qurvonlik,Qurbonlik
Qurg ªun,Badavlat
Qurg ªun oila,O ªziga to ªq oila
Qurjoq,Qo ªg ªirchoq
Qurjoqchi,"Qo ªg ªirchoq tuzatuvchi, o ªynatuvchi"
Qo ªrq tovuq,Tuxum bosib yotgan tovuq
Qurmish,Kichik to ªrtburchak shaklidagi go ªmma.
Qurmog ªoy,Qurmagur
Quromish (quromish,Quroq
Qurot,Sihatgoh
Qursoq,Qorin
"Qo ªrchilash, qo ªrjilash.Ukan gni qo ªrchilab
yur","Tarafini olmoq, avaylash, asrash."
Qusuri chiqdi,Tinchlandi
Qut,Jon
Quti o ªchgan,Rang ro ªyi bir holatda
Qutli bo ªlsin,Qutlug ª bo ªlsin
Quuri,"Quruq, qurigan"
Qo ªsh,"Makon, qarorgox, juft"
Qo ªsh tashladik,Ulfatlar bilan maishat qilishga o ªtirdik.
Qo ªshko ªpir,Qo ªsh ko ªpirik
Qo ªshont,1To ªyga yordam 2.Qo ªshimcha
"Qo ªshontli (bu sig ªirning
semental zotidan
qo ªshonti bor)",Qo ªshimcha qo ªshilgan.
Rag ªvarog ª,Eshiklar to ªliq ochib tashlangan
Rap,Tezda ket bu erdan
Rapdi,Juftakni rostladi
Raptor,"Yuz, bet"
Rasmchi,Suratkash
Rengin,Rentgen
Ribob,Rubob
Roy,"Ko ªngil, istak, xoxish"
Ros,To ªg ªri
Rosh,"Yoplarni loyqadan tozalaganda, qaziganda qirg ªoqlara to ªplanib qurib qolgan mayda tuproq"
Rujja,Ko ªk sulton
Ro ªyi quvla,Qiblaga qarab
Ro ªray,Vaqti-vaqti bilan
Sadaf,Tugma
Sazo,"Jazo, tanbeh"
Sazoyi,"Jazo bermoq, vatanidan judo qilib haydash"
Sakdi,Harakat tartibi buzildi
Saqildoq,Semiz odamning soqog ªi
Salgina,Ozgina
Salt yuradi (mashinada),Mashinada asosan bir o ªzi yuradi
Samtiq,Bemaza
Sang,To ªlqin
Sanggi,Ko ªcha-ko ªyda sang ªib yuradigan odam
Sangoroq,Danak
Sanduqcha- gulbuqcha,"Bolalar o ªyini, sandiqda turgan ochilmagan gul"
Sani,Seni
Sani olg ªoy,O ªlay?! (koyishning eng yumshoq turi)
Sanlama,Sensirama
Sapala,Bilinar bilinmas suv sep
Sapkil,Sepkil
Sarang,Juda zo ªr
Sarvalama,Paypaslama
Sarg ªimtir,Sariq rangga yaqin
Sardava qolg ªonni tosho,Keraksiz narsani tashla
Sardo ªz,Qop tikadigan baquvvat ip
Sarjin,Taxlab qo ªyilgan o ªtin.
Sarinjoq,Arg ªimchoq
Sarmak,"Yoyish, masalan, kirni oftobga yoyish"
Sas,Ovoz
"Sas, Sasing chiqmadi","Ovoz, Ovozing chiqmadi, eshitilmadi"
Sat,Soat
Satari,Olifta
Sattarosh,Sartarosh
Seys,"O ªta hushyor, ziyrak odam"
Seysxona,Otxona
Serchali chalak,Sirlangan chelak
Secha,Chumchuq
Secha tut,"Oq, qizg ªish rangda bo ªladi, tez pishib to ªkilib ketadi. Shu sabab qo ªnoq (mehmon) desalar kerak"
"Sigir aydi, eydi",Sigir iydi
Sizloq,Chipqon
Sil,Juda yupqa go ªsht yopishgan suyak
Silkillama cho ªrma,Silkillaydigan cho ªgirma
Simtik,Qurumsoq odam
Sin etib,Sinab
Singdi,"Singib ketdi, xazm bo ªldi."
Singmadi,Ovqat xazm bo ªlmadi.
Singsila,"Juda ko ªpmeva qilgan mevali daraxt, uzum"
Siniqchi,Singan suyaklarni davolovchi tabib
Siplik,"Cho ªp-chor yig ªindisi, chiqindi"
Sipsa,Supurgi
Siptirib,Sirg ªanib
Sirish,"Eski davrdagi kley, bir yog ªochni (reykani) yana biriga yopishtirish mumkin edi. Bodrak (varrak) larni tuzatishda ishlatardik. Yig ªilgan shilim qo ªchqorni shoxiga solinib qattiq chiviq (cho ªp, qurigan daraxt novdasi) bilan aralashtirilardi"
Sirishla,"Kleyla,Ilgarilari kley bo ªlmas edi, daraxtlardan oqadigan shiralarni (shilim) yig ªib sirish (kley) qilardik"
Sirp,"Sirli, tutqich bermas, mahkam, qattiq"
Sitqa,G ªalvir
Sixak,Maydalagich
Sichra,Sakra
Sichradi,Chaqaloq vafot etsa shunday deyiladi
"Sovildi (to ªy, arik)","To ªy, maraka tugadi 2 Biror bir mevaning pishish davri tugab bo ªldi"
Sovin,Sovun
Sog ªot,Yaramas
Soda,Sodda
Soz,"Garmon, akkordeon va bayanning umumiy nomlanishi."
Sozoq,Saksavul
Soyil (Bog ªot t.),Gadoy
Soqa,Kanal boshi
Soqor,Peshonasida oqi bor it
"Sollonmin, tezroq yuri",Cho ªzilavermasdan tez-tez qadam tashla
Sollonmo,"Cho ªzilib, sekin yuradigan odam"
Solmo,Kichik ariqcha
Solmoq (O ªy soldim),Qurmoq (Uy qurdim)
Solpi,Lapashang
Sop,"Bolta, belkurak kabi dastali buyumlarning dastasiz qismi"
Soricho ªp,Zarpechak
Sosi,"Badbo ªy, sassiq"
Sotil,Boltacha
Soxona,Keraksiz narsa
Sochrob tushdi,Birdan jahli chiqib gap qaytara boshladi
Socho ªsar,Molning oyoq payi
Srish,Elim
So ªbat,Suhbat
Suv ochish,Erni isrofgarchilik bilan sug ªorish.
Suv tutish,Erni meyorida sug ªorish.
Suv o ªti,Yovvoyi o ªt turi
Suva tushamiz,Cho ªmilamiz
So ªvg ªa er,Serhosil zich tuproqli er
So ªvit,Majnuntollar oilasiga mansub daraxt
"So ªvmoq (marakani,
to ªyni)",Tugatmoq
Sudur,Odamning chetdan qaraganda ko ªrinishi
Suji,Chuchuk
Suji jon,Shirin jon
So ªzilma,Tezlash (shoshmasdan xarakatlanib yuriganda ishlatiladi)
"Suzilma(fel,
buyruq mayli)",Jiddiy bo ªl
So ªzish,Biror narsani cho ªzish
Suzma,Palovning turi
"Suyish(fel
buyruq mayli)",Suril
So ªk,Tariq
Suqanoq,Boshqalar bilan tez til topishadigan odam
Suqilishma,San gapga aralashma
So ªqishmoq so ªqishdim,"Sovuqqotmoq, sovuqqotdim."
So ªqmoq uzilmasin,"Begonalashib ketmaylik, bizdan keyin bolalar bir-birini taniydigan bo ªlsin, bordi-keldi to ªxtamasin"
Suqulmo,Aralashma
Sulgi (sulyi),Sochiq
Sulgun,Qirg ªovul
So ªlla,Gapir
So ªllama,Gapirma
"so ªllasamam ham gap kor atmidi), Bir
korni boshshini tutmading",Bir kasbni egallamading
So ªllashib o ªtirib qolibmiz,"Gap qizib ketib, uyga ketish esdan chiqgan"
Sulloydi,"Holdan toydi, charchadi"
Sullopcha,Qo ªl yuvishda ishlatiladigan lagancha
So ªm go ªsh (et),Lahm go ªsht
So ªm damir,Quyma temir
Sumalanib yurish,O ªralashib yurmoq
Sumirib ich,To ªyib ich
So ªmsa,Somsa
Sumsik,Chaqirilmasada kelaveradigan odam
Sungak,Suyak
Sunnikib yiqildim,"Yo ªlda, bilmasdan biron bir toshga yoki boshqa bir jismga turtilib, urilib yiqilib tushgan"
Supsa,Supurgi
So ªsoy,"Beso ªnaqay, uzun bo ªyli odam"
So ªt,"So ªkib ber, tikilgan matoni tikinini so ªkish."
Sut oshi,Sutda pishiriladigan guruchli osh
So ªo ªz,"Ipni tarangla, pulni cho ªz, ipni cho ªzib uzaytir"
Schon,Sichqon
Ses bo ªl (ses bo ªlmoq),"Ehtiyot bo ªl, ehtiyot bo ªlmoq, harbir ishda ehtiyotkorlik zarur"
Tavallo,"Tavba qilmoq, uzr so ªrash"
Tajan,"Uzoq, borib, etib bo ªlmaydigan joy"
Tazzak,"Mol tezagi, najas"
Taka,Yostiq
Takallak,"Baliqchi qush, o ªz nomini aytib uchadi, takallak-takallak deb sayraydi"
Takanamat,Echki yungidan qilingan polos. Kigiz
Taqirdi,Gapga usta odam
Tal (Urganch ),"Tekis, muvozanatda turgan"
Talatin,Charm
Tam yo ªq,Mazasiz
Taman,Katta nina
Tamancha,Ninacha
Tamomi,Hamma
Tanga,Kumush pul (1 tanga 20 tiyin)
Tanga (tiyin),Tanga
Tandormisiz,"Tetikmisiz, taningiz sog ªmi"
Tap,Childirma
Tappi (lo ªppi),Semiz
Tar,Yangi uzilgan (meva-sabzavot)
"Tarnak, tannak",Eng ertapishar qovun navi.
Tarozi bosmidi,"Engil, tarozida o ªlchashga arzimaydigan narsa."
Tars,Teskari
Tarsaki,Teskari
Tarsyo ªnqa,"O ªjar, qaysar odam."
Tarsoyoq,"To ªg ªrini ham egri, deydigan odam."
"Taxyo, teyxo",Do ªppi
Taxlab qo ªy,"Boplab qo ªy, Bironta gerdayib yuradiganni aqlli gap bilan boplab qo ªy"
Tashkil,Ziyofat
Teyzamin,Oqova suv yig ªiladigan quduq
Teyip,Tabib
Tilgiramxona,Telegraf
Tilla,Oltin pul (3 so ªm 60 tiyin)
Timmitdin,Tuppa-tuzik
Tirriq,Tirik jonzoddan chiqadigan ahlat
Tirtim,Jim-jit
Tishtirnoq,"Erni has-cho ªpdan tozalash asbobi, grablya"
Tovoxdosh,Bir idishda (tovoqda) ovqat eydigan sherik
Toza,"Toza,ozoda"
Tozabog ª,Yangi bog ª
Toyipi,Uzumning xorazm navi-qishda saqlanadigan
Toyloq,Yalang ªoch odam
Tomodo,"To ªy, ziyofatni boshqarib boruvchi odam."
Tog ªma,Tomg ªa
Toq,Isirg ªani taq
Tonqo,Duralyuminiydan quyib ishlangan suv qaynatadigan qumg ªon.
Top o ªzi,Xuddi o ªzi
Tortanak (qirqoyoq),O ªrgimchak
"Tos, tosdon",Bir bahya qoldi.
Tosir-tusir,"Birdan, jahl bilan harakat qilmoq"
Tostorxon,Butkul buzilgan
Toshbosma,Litografiya
Toshkanli,Toshkentlik
Tosho,Tashla
Traktr kursi,Mexanizatsiya bilim yurti
To ªzvoq,"Yakanning guli, to ªzg ªoq"
To ªzg ªon,Eskirgan
Tuy,Tuk
To ªqirdi,Qaerdandir to ªqirdagan ovoz chiqayotgani
To ªqitqa,Yo ªl tagidan o ªtadigan suv yo ªli
Tulak odam,"Shaytonga dars beradigan, mug ªombir odam"
To ªlpi,Semizroq bola
Tulup,Turup
To ªmazon,Qora qo ªng ªiz
To ªmat,Tuhmat
Tunka,To ªnka
To ªnqayib dur,Bukilib tur
Tunt,So ªlg ªin rang
Tuncha,Temir choynak yoki plastmassa oftoba.
To ªpiq,Oyoq panjasining yuqori qismi
"To ªrali (Gurlan
tumani)",Yaxshi
To ªrsayish,Qovog ªini solish
To ªrsiq,Semiz bolakay
Turshak,Shirinlik (Konfet) turi
Tuta,Ip g ªaltagi
Tutatki,Tutatgich giyoh (isiriq)
Tutinilmog ªon,"Yangi, foydalanilmagan, ishlatilmagan"
Tutliq,Tutzor
Tufak,Uzr so ªrab so ªzini qaytib olish
Tuflik,Tupuk
Tuxum,Urug ª
Tuxumi- tajjing,Urug ª-aymog ªing
Tuxuminga qiron galgay,"Avlodingga, yurtinga qirg ªin kelgay deb dushmanga nisbatan aytilgan so ªkish turi"
To ªshshi,"Adan, oqova suv ketadigan chuqurlik"
Uvvog ªo boromiz,"Uzoqlarga borib kelamiz, yosh bolalarga aytiladi"
Ujji,"Uzum, bolalar tilidan"
Uzik,"Bir qismi yo ªk, bo ªlaklangan, uzilgan, kesilgan"
Uzin,Uzun
Uzman,Manparga o ªxshash taom
"Uzoy, cho ªzin.",Naynov
Uzol,Oyog ªingni cho ªzib bemalol dam ol
Uzotib qo ªy,Kuzatib qo ªy
Uzotish,Kuzatib yuborish
Uy,"To ªpla, yig ª"
Uyindi,"Sut uyindi, qatiq bo ªldi"
Uyitmoq,Sutni achitib qatiq qilmoq.
uymok,angishvona
Ulyi (ulgi),Andoza
Ulli,"Katta, yoshi ulug ª, mansabi ulug ª"
Uloqqon,Telba
Ulg ªori,"Uzum, gullarning bir tolini erga ko ªmib ko ªpaytirilgan naxal, 1-3 yildan keyin boshqa joyga ko ªchirib ekiladi"
Umak,Suyakni bir qismi
Umma,"Suv, bola tilidan"
Upildirik,"Paxtaning tolasining ipga aylanmaydigan qismi, chiqindisi."
Urva,Xamir ustiga sepilgan un
Urdi qochdi,O ªyin turi
Uri,Sabzini saqlash uchun kovlangan chuqur
Ustar,Stol
Ustina,Ustiga
Ut,"Uz (ipni, arqonni)"
Utik,Dazmol
Utish,O ªyinda yutish.
Utish. Tovuq patini utish.,"Yulmoq, tovuqning patini yulmoq."
Uxi,Uyqu
Uxichi,Xashoratning qishda daraxt tanasiga yopishgan pillasi
Uchak,Tom
Uchoyoq,Dalada tarozini osib qo ªyish uchun ishlatiladi.
Uchor,Uchar baliq
Uchuq,Husinbuzar
"Ushat, nonni ushat","Maydala, nonni bo ªlib qo ªy"
Ushatib ber (pulni),Pulni maydalab ber
Ushitdi,Sovuqdan tanasi sovuqqotib qaltirayapti
Ushoq,Mayda
Ushoq bola,"Yosh o ªg ªlon, oriq yigit"
Festivalda Hind raqqosasi ‚Äúyomon zo ªr‚Äù o ªynadi,‚ÄúYomon zo ªr‚Äù ‚Äì juda zo ªr manosida
Xamir qayzoqdi,Salqinda xamirning usti qota boshladi
Xaris,Koreys
Xiva langari,Paxlavon Mahmudni Xivaning langari deydilar.
Xiyli,O ªzicha mug ªombir odam
Xilxa,"Aftoda, eskirib ketgan kiyim-kechak"
"Xirmon,   xira- xirmon",Juda mo ªl
Xodiim,Mahallada to ªy-tomoshalarga aytuvchi ayol
Xozoris (xozoros),Xozarasp tumani (man xozorisa getdim)
Xolasa,Xoxlasa
Xoloqut atib yurmang,Ovora bo ªlib yurmang
Xom,Hayvon terisi
xom kalla,miyasini ishlatmagan
Xomm atadi,"Eydi, tishlab oladi, bolalarga aytiladi"
xomsemiz,semiz odam
Xonang harob bo ªlg ªoy.,Uying kuygay.
Xono ªg ªil,"Farzandni sevish, go ªyoki katta bo ªlsang xon bo ªlasan, deb sevish"
Xorvuz,Tarvuz
Xorovotiy,Qo ªli ochiq
Xoroz,Tegirmon
Xtir,"Epchil, qo ªlidan kelmaydigan ish yo ªq."
Xo ªkki,Bukrilik
Xo ªkki go ªrda to ªg ªrilanadi,"Bukrilik, odam o ªlgandan keyin go ªrda to ªrg ªrilanadi, aniqrog ªi uni to ªg ªrilab bo ªlmaydi deyilganidir"
Xo ªlpi,"Mos emas, katta, salqi."
Xumbuzchi,"Xom g ªisht, keramika idishlarni pishiruvchi usta"
Xumorvoz,"Qo ªchqor, it, xo ªroz urishtirish kabilar bilan shug ªullanadigan odam"
Xumpak,"So ªkishni bir turi, aqlsiz manosida."
Xumso,Xunasa
Xurujli,G ªayratli
Xo ªstor- hovondor,"Otalikka olgan, doimo xabar olib turuvchi, g ªamxo ªr shaxs"
Xusur olish,O ªch olish
Xo ªshamat,Maqtov
Ha o ªlmagaysan,"Ha seni, o ªlmagin bolam, koyishning eng yumshoq turi."
Hajja,Ganch
Haji uji,Qo ªlning nomsiz barmog ªi
Haz,Kayf-safo
Hazat,Mazza qil
Hazatmak,Mazza qilmoq
Halak bo ªlib yurmang,"Avvora bo ªlib yurmang, o ªtib ketadi, biron do ªsti kasallanib qolganda ahvoli engil bo ªlsada xabar olmoqchi bo ªlganga nisbat"
Halla,"Shogirdlikdan keyin, usta bo ªlishdan oldin ishlab beriladigan vazifalarni bajaruvchi. Keyin usta bo ªlar ekan."
Halol,Kurashda halol yutish
Hammasi bir go ªr,Bir-biridan battar
Hammol,Biror shaxsni uyida xizmatchi
Hamola,Go ªyoki unga yoqmasmish
Hanggi,Xotinboz
Hansirab galdi,Zo ªrg ªa nafas olib keldi
Hardamxiyol,Hayolparast
Harrot,"Yog ªochdan beshik, jo ªva, o ªqlov va boshqa buyumlarni yasovchi usta"
"Haftani birinchi, ikkinchi, uchinchi, to ªrtinchi, beshinchi,
oltinchi, bozor gunlari","Dushanba, seshanba, chorshanba, payshanba, juma, shanba, yakshanba kunlari."
Hiqilloviq,Hiqichoq
Hovo,Ha
Hovondor,G ªamxo ªr
Holi qol,"Yakka, o ªzing qol"
Holqo,Sirg ªa
Hondak,"Chuqurcha, tagidan suv chiqib turadigan ochiq quduq"
Horidim,Charchadim
Hoso,Hassa
Ho ªviz,Hovuz
Hudargan,Xudoybergan
Ho ªpiqib,Suvdan havo etmay zo ªrg ªa chiqdi
Ho ªpirdi,"Maqtanchoq, kibrli odam"
Ho ªppaygan,"Shishgan, to ªlishgan"
Ho ªppish tovuq,"Qurka, qirg ªovullar oilasiga mansub yirik qush"
Ho ªsh,"Xayrlashuv, xayr"
Ho ªshro ªy,"Yoqimli qiyofa, xushro ªy, chiroyli"
Chaym (yutim),Bir qultum suv
Chak,Tort
Chakar,Quduqdan chelakni ko ªtarish uchun qo ªyilgan xoda
Chakida,Chakki
Chakilib o ªtirma,"Mehmonga borganda, uy egasi: mehmon oling o ªz uyingizday his qilib o ªtiring, bemalol, tortinmay olavering."
Chakish,"Sigareta, papiros chekish"
Chakmon,"Kurash tushganda kiyiladigan engsiz chakmon, to ªn"
Chandir,Go ªshtning chaynalmaydigan qismi
Chanlab go ªr,Mo ªljallab ko ªr
Chapak,Qarsak
Chapakay,Chapaqay
Chartak,Bostirma
Chatildi,Aldandi
"Chatildi, chatdi","Aldandi, aldanib qoldi, aldadi"
Chatishtirib yubor,"Aldab yubor, adashtirib qo ªy, chalkashtir"
Chaya,Qum
Cheyil,Ajriq
Cheyna,Chayna
Chel,Surishdan oldin dalani sug ªorishda olinadigan egat
"Chesh, chech
(giyim-ni, duyunni)","Ech (kiyimni, tugunni)"
Cheshma,"Vaqtinchalik ishlatiladigan, suv chiqquncha kovlangan chuqurcha, ochiq quduq"
Chiviq,"Cho ªp, qurigan daraxt novdasi"
Chivin,Pashsha
Chig ª,Shabnam
Chig ªi,Mato turi
Chig ªinish,Kuchanish
Chiyon,Yomg ªir chuvalchang
Chizim,"Nozik arqon, chilvir"
Chizmalama,"Bekorga chizmalama, biron narsaga o ªxshatib chizishni o ªrgan."
Chiyin,Kurmak
Chiyit,Chigit
Chiqar (vaqt o ªtib chiqir bo ªlgan),"Chig ªiriq, aslida suvni yuqoriga chiqarish manosidan kelib chiqib, chiqar deyilgan"
Chiqir,Charxpalak
Chiqqinji,"Chiqim, xarajat"
Chiqon,Dugona
Chilib   yubor,Chalib yubor
Chilib yuvar,Kurashda oyog ªidan ol
Chilpimoq,G ªo ªzani chekanka qilmoq
Chilpoq,Suv ichadigan krujka
Chimitladi,Chimchiladi
Chimishka,pista
Chimrilma,Hafa bo ªlib betini mujmaytirganga aytiladi
Chin g ªalaba,Kurashda qabul qilingan halol g ªalaba
Chingizni qiri,"Rivoyat qilishlaricha, Chingizxon Xorazmga bostirib kelganida hozirgi Pitnak qishlog ªida daryo bo ªyida to ªxtab dam oladilar. Askarlarga har biring bir hovuch tuproq keltirib tashlanglar, deb qirni ko ªrsatadi. Katta balandlik paydo bo ªladi, shu tartibda askarlar soniga baho bergan. Qaytishda ham shu erda to ªxtab askarlarga oldingiday buyruq beradi. Bu galgi tepalik oldingining yarmisidan ham kam bo ªladi. Bu juda ko ªp askar yo ªqotganidan dalolat. Shu qirlar haligacha mavjud. Ibora piyoda uchun uzoqlik qiluvchi manzilni ifodalaydi."
Chingirik,Shakarqamish
Chiploq,Kambag ªal
Chirillomo,Bo ªlsa-bo ªlmasa chinqirama.
Chirkay,Oqpashsha
Chirmashgan,Bir-biriga o ªralib ketgan
Chirmoviq,Begona o ªt turi
Chitlosh,Chigitni paxtadan ajratish
Chitmak,Kamon
Chitnamoq,Chertmoq
Chitoyi,Nozik tabiat
Chish atmak,"Kichkina xojatga chikish, bola tilidan"
Chishdi,Shishdi
Chishib o ªla,"Balandparvoz bo ªlib o ªl, osmondan kelib o ªl"
"Chishshi atdim (yosh bola
tilidan)",Siyib qo ªydim
"Chishshim galdi
(yosh bola tilidan)",Siygim keldi
Chiya,Olcha
Choy,Qirg ªiy
Choy qo ªyib yubor,Choy ichaylik
Choqqi,"Pakki, yig ªma pichoq."
Cholvur,Shim
Choliqqon,Biron narsadan qo ªrqib kasallangan
"Cholim beradi. U falonkasga
cholim beradi.",O ªxshab ketadi. U falonchiga o ªxshab ketadi.
"Cholishtirmo
(fel buyruq m.)",Oyoqni chalishtirib o ªtirma
Cholov,Palovning bir turi
Chongoloq,Paxtasi terilgandan keyin qurib qolgan ko ªsak.
Chopishtirish,Ikki suyuqlikni aralashtirish
Chor,Durang
Chorvoyi,Baqir-chaqir qiladigan janjalkash odam.
Chorqot,Sochoqli ro ªmol
Chors,O ªjar
Chotloq,Darz ketgan
Choton,Ikki oyoq orasi
Chosh-posh,Sochib tashlangan
Choshma,"O ªylab gapir, jinnilik qilma, valdirama"
Cho ªv,"Chop, maydala, yor, kes"
Cho ªvg ªon,Tutning xom mevasi
Cho ªvit,Eski ko ªrpa-to ªshakdan chiqqan paxta
Chuvon,Chipqon
Cho ªkar (cho ªngkar),Ag ªdar
Cho ªkdi,"Suvda cho ªkib ketdi, suv tagidan chiqaolmadi"
Cho ªkitka,"Chigirtka, zararkunanda."
Cho ªkish,Bolg ªa
Chuklik,Beshikda ishlatiladigan sumak
Cho ªktirib yuvar,Suvga bosib azobla
Cho ªqqoymo,Gerdayma
Cho ªqmoq,Podachini cho ªqmor tayog ªi
Chuqoloq,Chuqurcha
Chullik,Chillak (o ªyin turi)
Cho ªlontoy,"Epsiz, qo ªlidan ish kelmaydigan"
Cho ªloshtirmo,"Bir-biriga aralashtirmay bajar, bahona topma, bajar."
Cho ªlpi,"Suvda qaynagan lag ªmon, chuchvara yoki boshqa bir ovqatni suvdan suzib olish uchun simdan to ªqilgan cho ªmich"
Cho ªm,Mashala
Chumib chiq,Sho ªng ªib chiq
Chumirib sug ªor,Bostirib sug ªor
Chumirma,Suvga cho ªktirib qo ªyma
Cho ªmmiq,Oyoq yoki qo ªlning akashak bo ªlishi
Chummoq,Sho ªng ªimoq
Cho ªngqir,Chuqur
Chungul,Ko ªlni chuqur joyi
Cho ªntiq,"Gapga chechan emas, mutahassislik darajasi past"
Cho ªp-chor,Xas-cho ªp chiqindilari
Cho ªpla,Terib ol
Cho ªplamak,Terib olmoq
Cho ªppilomo,Cho ªppilamay e
Churik,"Buzilgan, chirigan"
churri kulok,kulok suprasining juda kichiki
Churtik,Juda mayda
Chuta,Sug ªorilmagan ekin maydoni
Chush pasa (ashaqa tush),Pastga tush
Shayton,Iblis
Shayton arava,Velosiped
Shakasha,Ko ªzaning turi
Shaqiqa bo ªlibdi,Chakkasi uchadigan kasallik
Shamollab kelaman,Kichik xojat chiqarib kelaman
Shappik,Har qanday yopishqoq modda (mas. konfet).
Shappikdin odam,"O ªta kirishuvchan, uddaburon odam"
Sharava,Namakob
Shivirg ªoni uzum,Qora kishmish qilinadigan uzum navi
Shivirdadi,Qulog ªiga pichirladi
Shivirdap so ªlla,Past ovozda gapir
Shig ªir,Arava izi
Shikirdak,Kekirdak
Shilta suv,Jiqqa suv
Shim...,"Bolchingirikni shimib, shirasini hazm qilish"
Shipirmo,Foyda uchun birovni aldaydigan odam.
Shirg ªa kal,Boshida ochiq joy qolmagan kal
Shqop,Shkaf
Shovot,Tuman va kanalning nomi
Shoqqillomo,Og ªzi tinmay gapiradiganlarni to ªxtatish
Shoqqillosh,O ªyinda barmoqlarni shaqqillatish
Shoqoqlomo,"Tinchiysanmi, yo ªqmi"
Shommirot,"Tirband, bir joyga juda ko ªp odam yig ªilgani."
"Shomollatib qo ªyma, giyimini giyiz","Bolani kiyintirib ol, shamollab qolishi mumkin, ko ªcha salqin"
Shoppot,Shapoloq
"Shoppotdin (bola, non)",Yosh bola
Shorlovuq,Sharshara
Shoturshutir,"Darrov, tezda."
Shullik,Zuluk
Shundin,Xuddi shunday
Shundinlay borib kelaman,"Boramanu-kelaman, bormasa ham bo ªladigan holat, quruq borib, quriq qaytish"
Evon,Ayvon
Egninga issiroq narsa giy,Ko ªcha salqin issiq kiyim kiyib ol
Eyyom bitdi,Qachon edi bajarilganiga
Eyin,Egni
Eyinbosh,Kiyim kechak
Eyip,Ayb
Eylamak,Kechiktirmoq
Eylanmak,Kechikmoq
Eypingni yopg ªoy,Aybingni yashirgay (Xudoni o ªzi aybingni kechirsin)
Elanmak,Yalinmoq
Elot,Mahallani bir qismi
Endar,Ag ªdar
Enmak,Bir tarafga og ªmoq
Erilma,"Erkalanma, o ªzingdan ketma, suyulma."
Eron,Ayron
Ertang,"Ertanggi kun, ertaga."
Et (go ªsh),Go ªsht
Etyoji,Mabodo
Echkamar,Echkemar
Esh,Ipni eshib ber
Eshak ori,Qovog ªori
Eshik,"Uy, hovli oldidagi er, tashqari, ko ªchani bir qismi, eshikni supirib qo ªy"
Eshika chiqib galaman,Xojatga chiqib kelaman
Eshikochar,Qizning uyida o ªtkaziladigan fotiha to ªyi
Eshkan,Teriga chiqadigan toshma
Eshmak,Eshkak bilan suvni eshmoq
Eshonravot,"Eshonrabot ko ªli, ipak yo ªlidagi eshonlar yashaydigan xududdagi rabot ko ªli."
Eya,Ega
Eyalik,Egalik
Yuvarma,Yuborma
Yuvoliq,Nishonlaylik
Yuzi tulumdin bo ªldi,Jahli chiqqanidan yuzi qizarib ketdi
Yuzib bilimman,Suzishni bilmayman
Yuzik,Uzuk
Yuziqorachilik,Kimdandir tili qisiq bo ªlish
Yuzum,Uzum
Yulik,Ilik
Yumoq,Qizchalarning taroqi saqlanadigan berk idish
Yumuriq,Musht
Yumurta,Qush tuxumi
Yurak domor,"Yurak tomiri, ko ªk tomir, vena"
Yurakni qurtini o ªldir,Talab darajasida bajar.
Yuri,"Yur, ketdik."
Yuring asa,Yuring (ketdik) bo ªlmasam
Yangoriq,Yangiariq
Yarim oxshom,"Tun, yarim kecha"
Yarim o ªddiq,"Oltinchi kun, shanba"
Yasomo gap,"Bo ªlmag ªir, o ªylab topilgan gap."
Yaxshi,Mayli
Yaxshidin,Yaxshiga o ªxshaydi
Yaxshom san bo akansan,Yaxshiyam sen bor ekansan
O ªva boramiz,Ovga boramiz
O ªvaliq,"Posyolka, odamlar yashaydigan kichik hudud"
"O ªvjik(Urganch) (o ªvjik pechene, o ªvjik tarvuz
mag ªzi)",Quruq va tez uviluvchan.
O ªvilgan,Maydalangan
O ªvich,Hovuch
"O ªvishdi, oyoq o ªvishdi.",Uyushdi (oyoq uyushdi)
"O ªvli, bu o ªvliroq","Yaxshi, bu yaxshiroq"
O ªdin ayrib qo ªy,"O ªtin maydalab qo ªy, qurigan daraxt novdalarini maydalab qo ªy"
O ªdin bo ªlgaysan,"So ªkish turi, o ªtin bo ªlsa yoqishga yaraydi"
O ªdin qola,O ªchoqqa o ªtin yoq
O ªdin oyir,O ªtin yor
O ªdin supsa,"O ªtin supirgi, ko ªchalarni supirishda ishlatiladigan qo ªpol supirgi"
O ªjak,Buzoq
O ªjoq,O ªchoq
O ªzak domor,"O ªsimlikning o ªzagi, katta tomiri"
O ªzina oniqmi,Turmushga chiqayotgan qizni shunday surishtirishlari mumkin
O ªzli o ªzimiz,Begonalar yo ªq
O ªy,Uy
O ªydaloq,Chuqurcha
O ªyilon,"Beozor, uylarda yashaydigan zaharsiz ilon."
O ªymoq,Angishvona
O ªymonmin tez chiq,"Ko ªp o ªtirma, tezroq chiq"
O ªypanma,Tezroq kel
O ªksindi,"Hasrat chekdi, xafa bo ªldi."
"O ªksirik, o ªskirik",Yo ªtal
O ªksirmak,Yo ªtalmoq
O ªkcha,Tovon
O ªlatizino,Otasi nomalum
O ªlyo,Qabriston
O ªli-diring yo ªq,"Bormisan, qaerlarda yuribsan?"
O ªlimsik ( utik),Ziqna odam
O ªlimtik,"Nimjon, ko ªrimsiz"
O ªliyuvg ªichi,G ªassol
O ªltang,Dalaning suv ichmagan joyi
O ªg ªlini kasibdi,O ªg ªlini sunnat qilibdi
O ªql uraman,Ukol qilaman
O ªma-to ªma,"Butunlay, butkul."
O ªmma,Do ªppini tepa qo ªyib kiyish
O ªmcha,Qattiq o ªtin
O ªngishiq,"O ªrtacha, qoniqarli holat"
O ªngishtir,Qo ªllab yubor (fel buyuruq mayli)
O ªngording,"Bajarding, eplading, boplading."
O ªp,"O ªpgin, bo ªsa ol"
O ªra,Ustun
O ªrmak,"Asosan, g ªisht terishga nisbatan ishlatiladi."
O ªroq,"Bug ªdoy, sholi o ªrimi"
O ªrpong,Qumloq tuproq
O ªrta darak,Qo ªlning o ªrta barmog ªi
O ªrtik,Beshik ustiga yopiladigan yopinchiq
O ªrtim,Og ªizini bir marta to ªldirishga etadigan suv
O ªrtoq,"O ªqituvchi, muallim."
O ªsin,So ªngra
O ªsmoq,"Tozalamoq, po ªstini olmoq. Asosan baliq tozalash manosida ishlatilsada, tilib yoki tirnab qonatmoq manosida ham ishlatiladi"
O ªsmoqlamin so ªlla,Gapni chaynamay gapir
O ªssi vaxda,"Boshqa vaqtda, kerakmas vaqtda qilingan harakat, ish haqida."
O ªstirma,Paxtani bo ªyiga ko ªp o ªstirma
O ªt,O ªtgin
O ªt-yuk,"Dazmol, yoshlik chog ªimizdagi dozmollarning ustki qopqog ªi ochilib cho ªg ª (ko ªmir yoki o ªtinni cho ªg ªi) bilan pastki qismi to ªldirilardi. Cho ªg ªning issig ªida dazmolning cho ªyandan quyilgan qismi qiziydi, keyin kiyimlar dazmollanadi. Dazmolni, o ªt-yuk deyilishining sababi ham shunda-o ªtni yukla degani. Balki ruschasiga ‚Äúutyug‚Äù shundan kelib chiqqandir."
O ªtiribmisan,O ªtiribsanmi
O ªtirishma,"Gap, do ªstlar yig ªini"
O ªtistirib qo ªy,Kimligingni ko ªrsatib qo ªy
O ªtlashdi,"Zo ªraydi, haddidan oshdi"
O ªtlashtirmak,"Haddan oshirib yubormoq, yomonlashtirmoq"
O ªtog ª,Dalani begona o ªtdan tozalash
O ªxshatip yuvar,O ªrniga qo ªyib qo ªy. Bir boplab qo ªy
O ªch,Ovozingni o ªchir jim bo ªl
O ªchirik,O ªchirgich
O ªchirit,Navbat
abzal,afzal
ayd ºn,oydin
ayiq,uyg ºoq; tetik
ay ºl,korinbog
ay ºlmaq,Xushga kelmoq
ay ºrmaq,ayirmoq
ay ºt,xayit:
ayqal º-uyqali,ayqash-uyqash
aylanjiq,aylanch.
aylanma,suvning
aylanch,aylanma
aymaq,tuzatmoq tartibga solmoq
ayraliq,ayriliq
ayr ºt,ochiq; dadil
aqqin,suvning kuchli
aqlav,1- oqalav.
aqliq 1,yaxshilik:
aqliq 2,tomizg ºi
alant ºrmaq,olaytirmoq:
alan,bekor yotgan yer
alacha,yung yoki paxta solib tikilgan tushak.
alb ºramaq,alv ºramaq.
alv ºramaq,valdiramoq
alm ºt,olmurut
alchaq,epchil. chaqqon
aman,omon
and ºmak,3 - and ºmaq.
andu:ch º,angdu : ch
aqal,Urgenchqning katta turi (tishsiz)
aqarmaq 1,boshqarmoq: br ”©j”ôkn angaralmad ºngav
aqarmaq 2,darrov tushunmoq tez anglamok:
aqarmak3,alanglamoq.
aqiz,ekin oligandan keyin bush qolgan yer
aqir,nargi: qovunn º angirs ºnnan al (Bogot
aqirmaq,xangramoq
aqlamaq,tushunmoq
apa,oyi(uz tuqqan onasi);
apaya,opa-singil;
apayali,opa-singilli:
aran,molxona
ara,ora
aralamaq,yarashtirmoq
arach ºlamaq,1-aralamaq
arba,arva
arg ºa,arqoq.
arg ºi,narigi
ardana,bolmoq
arja,archa
arzaqlamaq,ardoqlamoq
arza,ariza
ari-b”ôri,nariberi.
arig º,toza
ar ºlmaq,tozalanmoq
ar ºtmaq,tozalamoq
ar ºsh,arava shotisi
aryaq,aryan
aryan,narigi tomoi u yoq
arqa,orqa
arqal º,Kumakchisi bor (odam)
arqan,ip
arna,anxor
arriq,oriq
arromal,Qizil rumol
artiqmach,ortiq
aru:,guzal
as,foyda bermoq
as ºl-as ºl,uzini osib uldirish kasali
”ôv”ôl”ôm”ôn,"bolalar o ºyinida aytiladigan qo ºshiq""ning boshlanishi"
”ôv”ôr”ôk,buloqi
”ôv”ôch,ikki yashar qo ºy
”ôvdik,mayda
”ôvird”ôk,o ºrdak
”ôvm”ôr,anqov
”ôvrindi,yevrnd
”ôvs”ôr”ôq,sarson
”ôgirm”ôk,”ôyrm”ôk
”ôg ºrt I,yakansimon o ºsimlik
”ôgri-“Øgri,”ôyr-“Øyr
”ôgl”ôm”ôk,”ôyl”ôm”ôk
”ôgl”ônm”ôk,yeyl”ônm”ôk
”ôdik,etik
”ôdra,past-balandlik
”ôdr”ômk”ôsh,bangi; parvoyi-palak_x000D_
”ôdr”ôsm”ôn,isiriq
”ôz”ôli,azaliy
”ôy”ô,ega
”ôy”ôr,yey”ôr
”ôyiz,”ôki:z
”ôy”ôrl”ôm”ôk,egarlamoq
”ôyin,yelka
”ôyirm”ôk,yigirmoq
”ôyirt,”ôg ºrt II
”ôyit,ay ºt
”ôyyam”ôjis,ayyamejs
”ôyl”ôm”ôk,"kechga qoldirmoq, yo ºldan to ºxtatmoq_x000D_"
”ôyri,egri
”ôyri-uyri,egri-bUrgenchi
”ôk”ô,ota
”ôk”ô-toqa,opoq-chopoq bolmaq
”ôki:z,egiz
”ôksilm”ôk,o ºksimoq_x000D_
”ôl,qo ºl; bag-qo ºlbog º
”ôl”ôm”ôk,elamoq_x000D_
”ôl”ôp”ô,arafa
”ôl”ôs”ô,bo ºlmasa
”ôlb”ôt,elb”ôtr”ôk- yaxshirok
”ôld,old
”ôldikch”ô,olyopqich
”ôlli,ellik
”ôlp”ôt”ôk,”ôll”ôt”ôkt”ô-y”ôll”ôt”ôk- mehmondo ºst bolmaq- parvona bo ºlmoq
”ômg”ôk,mehnat
”ômdam,g ºildirak qosqogi- ga birkitilgan yog ºoch
”ômj”ôk,emchak
”ôn”ô,ona
”ôn”ôlik,o ºgay ona
”ôndam,pardoz
”ôndik,"g ºash, qitiq_x000D_"
”ôndir”ôtm”ô,zinapoya
”ônz“Ør“Øg,nodir
”ôqnap,i:d”ô-chilon jiyda
”ônnik,yetilmag ºan tuxum
”ônshir”ôk,k”ônshrk
”ôq”ôk,"iyak,_x000D_"
”ôq”ôl,tegirmon toshi ustiga qo ºyiladigan og ºir narsa
”ôqilm”ôk,egilmoq
”ôns”ô,orqa tomondan boshning bo ºyinga tutashgan yeri
”ôp”ôshl”ôm”ôk,"oro bermoq, bezamoq_x000D_"
”ôpkin,shabada
”ôpl”ôm”ô,qo ºl uchida ish qiluvchi; amal-taqal
”ôr”ôv”ôk,”ôv”ôr”ôk
”ôrg”ôn”ôk,panjara
”ôrik I,o ºrik
”ôrinj”ôk,erinchoq
”ôryan,aryan
”ôrili-berili,nari-beri
”ôrnap º,”ônnap
”ôs,”ôtm”ôk -e ºtibor etmoq: diqqat qilmoq
”ôsv”ôk,”ôsp”ôk
”ôsirm”ôk,mast bo ºlmoq_x000D_
”ôsp”ôk,man º
”ôshsh”ôd”ôraz,qo ºg ºirchok uyini_x000D_
”ô:k I,ohak
”ô:k II,g ºildirak qasqonini tashkil qilgan yogoch parchalari
bav ºr,jigar
bav ºrsak,bu:rsaq
bag ºala,bag ºalar
bag ºalar,bolalar
bag ºana I,boya
bag ºdash,chordona
bag ºinmaq,baqinmq
bad II,tez
badya,sopol tovoq
badlanmaq,kuchaymoq
badraq,bodring
badri:n,badran
bajraymaq,baqraymoq
bay ºz,bois
bayavl º,boyo ºg ºli
bayaq,boya
bayja,ba:ja
bayqamaq,payqamoq
baylamaq,boglamoq
bayraq,bayroq
baqan,ustun
baqachanaq,chig ºanoq
bal,bol
bald ºz,erning qiz ukasi
balqi,baliq (tut)
balch ºn,go ºzal
barmaq,I. bormoq; 2. barmoq
bas,b”ô:s
bas ºrmaq,bostirmoq
bas ºrig º,bast ºrig º
bat-bat,kaltakesakning katta turi
batl º,bad
batman,qadoq
baxchaxana,bolalar bogchasi
bashqalashmaq,boshqa-boshqa bulmoq
bash,bosh
ba,bor
ba:va,chol
ba:ja,boja
ba:zar,bozor
ba:lar,balar
ba:m,bu ham
ba:na I,bahona
ba:na II,bu yonga
b”ôg”ônm”ôk,sevinmoq
b”ôdr”ôq,badrang
b”ôdroy,xunuk
b”ôjik,qo ºzichoq (bolalar tilida)
b”ôk,mahkam
b”ôkishm”ôk,yopishmoq
b”ôkl”ôm”ôk,yormoq
b”ôndirya,ajralish joyi
b”ôrgisiz,bermas
b”ôt”ôl,battar
b”ôt”ôn,b”ôt”ôn”ô getrm”ôk
b”ôh”ôn”ô,ba:na
b”ô:jik,b”ôjk
b”ô:n”ôg”ô,mabodo
b”ô:s,bahs
bev”ôriy,mabodo
bed”ôv,argumoq
bej”ôriksiz,lapashang
bez,bo ºz
beyd”ô,bu yerda
beyi,behi
beyik,baland
g”ônj”ô,kenja:
g”ôchchi.2.,kallavaram:
gechchi,echki:
gijik,kichik savatcha (ichiga non
gijim”ôk,kichimok:
giy”ôv,kuyov:
gi:zl”ôm”ôk,yaashirmok
gi:zla”ôj”ôk,balalar o ºyini(bekinmachok).
g”©z”ôn”ôk,vlak
g”©y ºk,kuyuk; 2. dog º:
g”©yindik,kuygan
g”©ym”ôk,kuymok.
g”©n”ônm”ôk,yalgimoq:
g”©n”ôrm”ôk,eskimok.
g”©rdik,moldunyo:
g”©rim,ko ºrgilik. Kismat.
g”©rlaq,go ºriston
g”©:ja 1.,go ºja (ovqvt).
g”©:ja 3.,tutning bir turi.
g“Øbi,Mig º.
g“Ød“Ørdi,guldur-guldur
g“Ød“Ørl”ôm”ôk,guldrmok:
g“Øz”ô,ko ºzacha
g“Øz”ôram,kayikni
g“Ølv”ônt,xotin-kizlarning bo ºyniga takadigan bezak.
g“Øldirma:ma,momakaldirok:
g“Ølliyan,kuvutka (ko ºlga chikadigan yara).
g“Ølisham”ôk,kulishmok; 2. kula boshlamok:
g“±nr”ôm”ôk,indamas.
g“Øppi,kiska paxtalik kamzil.
g“Ørrinl”ôm”ô,suxbat; 2. maslaxat:
g“Ørrinl”ôshm”ôk,so ºzlamok
g“Øchk”ôv,ich kuyov:
g“Øt-g“Øt,pichir-pichr
g“Øtg“±tl”ôshm”ôk,pichirlashmok
g ºabr ºshmaq,yanglishmok
g ºavacha,uzun tolali paxta
g ºiljaymaq,tutilib gapirmok (mastlarga xos)
g ºir~volmaq,girgiton bo ºlmoq
g ºirav,ip
g ºishsha,qamish (ichi to ºk qamish)
g ºolagir,tom ustiga guvala qilib bostiriladigan loy
g ºolacha,g ºo ºlacha
g ºomcha,=omcha
g ºopa,qamishning o ºsib turg ºani
g ºora,pishimagan
g ºoralaiaq,go ºra bo ºlmaq; meva solmoq;
g ºudalaq,pakana
g ºuluq,o ºrik
dabb º,dobb º
dabr ºnmaq,davr ºmaq
dav,dava
dava 2,duo
davacha,tumor
davr ºqmaq,asovlanmoq
davr ºnmaq,ho ºmraymoq
davshan,tavshan
dag ºilmaq,tarqalmoq
dag ºimaq,daqlimaq II
dag ºin,...da (bog ºlovchi-yuklama)
dadav,tik
dad ºmaq,tatimoq
dayamaq,suyamoq
day º,da:y º
day ºnmoq,siypanmoq
daqqi,daqma II
daqma I,yolg ºonchi
dal I,tol (xodasi)
dalan,yo ºlak xona:
dalv ºramaq,behuzur bo ºlmoq:
dald ºramaq,dalv ºramaq
damavcha,tamaqcha
damaqlashmaq,ovqat kilishmoq
damaqsav,xo ºra
damar,tomir
dam ºzliq,aqliq
damliq I,xaborlik
damliq II,aqliq
daqg º ºm,tos; tog ºora
daqimaq I,tangimoq
dang ºimaq II,tugamoq
daqisht ºrmaq,dong ºisht ºrmaq
dar I,tor
darg ºa,kapitan
dar º,tariq
dar ºlmaq,yulamoq
dar ºmaq,ko ºmaklashmoq; dalda bermoq
daryan,d”ôryan
darxan,ozod
dasqar,chumchuqning bir turi (odatda bolalar saqlab
daslamaq,qirmoq
dasmal,qozon yuvg ºich
da:r,dor (o ºyin)
da:r º,dori
d”ôbl”ô,d”©vl”ô
d”ôv I,d”©v
d”ôv II,d”ôp”ôngngss - to ºxtovsiz
d”ôvl”ô,d”©vl”ô
d”ôvm”ôk,d”©vm”ôk
d”ôg”ôl”ôy,qalpoq
d”ôgdi,etik ichidan kiyadigan yung paypoq
d”ôgish,yemirish
d”ôgishm”ô,hazil
d”ôyval,di:val
d”ôyil,d“Øg“Øl
d”ôym”ôk,tegmoq
d”ôk,tek
d”ôk”ôn”ô,t”ôk”ôn”ô
d”ôkv”ôrd”ô,tezda
d”ôlv”ô,telba
d”ôll”ôm”ôk,terlamoq
d”ôlli,qo ºshmachi
d”ôllik,kigizning bir turi
d”ôlt”ôk,o ºsimlikning bir turi (tuya tovon)
d”ôltir,o ºsimlikning bir turi
d”ôm ºr,temir
d”ômk”©t”ô,harsilloq
d”ômrilm”ôk,termilmoq
d”ôqg”ôn”ô,gap
d”ôndir”ôm”ôk,daydimoq
d”ôq,teng
d”ôql”ôm”ôk,tenglamoq
d”ôq”ôn”ô,d”ông”ôn”ô
deqs ºm”ôk,tenglamoq
d”ôp”ô,tepa
d”ôp”ôl”ôsh,tepalash
d”ôp”ôq,baland bo ºyli
d”ôpm”ôk,tepmoq
d”ôpk º,tepki; at d”ôpk ºs º
d”ôpm”ô,sholi tuyadigan katta o ºg ºir (unga ot
d”ôra:z,novcha (odam)
d”ôr”ôk,terak: boy º va:
d”ôris,d”ôrs
d”ôrya,doira
d”ôryan,xonaki o ºchoq oldida o ºtirish joyi
d”ôry”ô,deyra
d”ôrp”ônm”ôk,qimirlamoq
d”ôrr“Øv,darrov
d”ôrs,go ºng
d”ôsv”ôrd”ô,uqlovning kichik turi
d”ôsmal,dasmal
d”ô:li,jinni
deydi-deym”ôdi,o ºta yolg ºonchi
dey ºmsiz,tegdirmas
deyishm”ô,d”ôgshm”ô
deym”ôk,d”ôym”ôk
deyra,daryo
delch”ô,d”ôrch”ô
desh,tashkari
diggild”ôm”ôk,kuchli qaltiramoq
digdir”ôm”ôk,dggld”ôm”ôk
digir,chig ºiriqning qasnogiga birkitiladigan xurma shaklidagi idish
digirj”ôk,g ºildirak
digirm”ôn,dyrm”ôn
digirch”ôk,dgerj”ôk
diye,tuya
diyirm”ôn,yorg ºuchoq
diy“Ø,tergov
dik,tik
dikl”ônm”ôk,tikilmoq
diq,chek
dirk”ô,omochning qulog ºi
di:v,tup
di:val,devor
di:z,tizza
di:m,jim
di:nm”ôk,tinmoq
di:nch,tinch
di:r”ôv,tirgak
di:r”ôm”ôk,tiramoq
di:ri,tirik
di:t-di:t,tit-pit
di:sh,tish
d ºg ºiriq,tor ko ºcha
d ºyg º,chek
d ºm,juda
d ºmarmaq,ortiq charchamoq: pay qap ºlg ºanay
d ºmjiqmaq,hidlanmoq
d ºnmaq,du:nmaq
d ºnnaq I,tirnoq
d ºrlamaq,dirillamoq
d ºrnaq,d ºnnaq
d ºshan,deshan
dobb º,qorni odatdan tashqari katta (odam
dovul,shamol
dovr ºnmaq,davr ºnmaq
dog ºma,cho ºridan (quldan) bo ºlgan o ºg ºil (eski)
dog ºmacha,o ºg ºilcha
dog ºmaq,tug ºmoq
dog ºrama,ovqatning bir turi
dodaq,lab
dodd º,beparvo; anqov
doqqiz,to ºqqiz
dolanmaq,qayrilmoq; egilmoq
dom,to ºng; o ºjar; ~boy ºn - o ºz so ºzli
doq,muz
doqmaq,sovqotmoq
dopp º,topp º
dost ºrxan,dasturxon
doxsan,to ºqson
do:l º,to ºla
d”©v,dev
d”©vm”ôk,tuymoq
d”©vl”ô,d”©v“Øl
d”©gm”ôk,d”©vm”ôk
d”©kim,mahalliy o ºg ºit
d”©kin,d”©k“Øm
d”©l”ô,bostirma
d”©nm”ôk,aynimoq
d”©r”ôm”ôk,vujudga kelmoq
d”©r”ôtm”ôk,yaratmoq
d”©rim”ôk,d”©r”ôm”ôk
d”©shek,tushak
d”©shik,teshik
d”©:zm”ôk,chidamoq
d”©:ch”ô,du:cha
duva,dava II
d“Øvaq,qopqoq
duvacha,davacha
duvachiq,bolalar do ºppisiga taqiladigan bezak
duvtar,du:tar
dudaq,dodaq
duz,cho ºl
dun ºmaq,tinmoq
dun ºtmaq,tinitmoq
duramaq,urchimoq
dushlashmaq,dushiqmaq
dushiqmaq,duch kelmoq
du:z,tuz
du:niq,xira
du:nmaq,xiralashmoq
du:sh,duch
d“Øvd”ôn,d“Ø:d”ôn
d“Øgil,tugul
d“Øgilm”ôk,tiqilmoq
d“Ødm”ôk,chidamoq
d“Øzgit,asbob
d“Øzig,tartib
d“Øziy,tevaragiga bezak (munchoq) osilgan do ºppi
d“Øz“Øm-d“Øz“Øm,tizim-tizim
d“Øzm”ôk,sozlamoq
d“Øz“Øv,d“Øz ºy
d“Øzilm”ôk,tizilmoq
d“Øym”ô,tugma
d“Øy“Øn,tugun
d“Øyur,d“Øg“Øl
d“Ølli-d“Ølli,turli-tuman
d“Øllim”ô-dulli,d“Øll-d“Øll º
d“Ømp”ôk,tommiq
d“Øq,t“Ønggr
d“Øqki,to ºnka
d“Øn“Øl,tunukadan qilingan s“Øt idishi (bidon)
d“Ør“Øsht”ô,beda bilan somonning qorilgani; terit
d“Ø:d”ôn,kichik savatcha (baliqchilar asbobi)
d“Ø:n”ôk,tuynak
d“Ø:nik,tuynuk
d“Ø:tk”ôsh,mo ºri
d“Ø:sh,tush
zab ºyi,boplamok
zavala,zuvala
zavl ºm,Xomitga bog ºlanadigan ip
zag ºama,kepchik
zaman,payt
zamariq,ziqorin
zamat,payt
zart,jart etmok
z”ômi:n,buyinturuqning ikki tomonidagi yogoch
z”ômm”ôt,zaxmat
z”ôr“Øv,zarur
z”ôrxal,darxol
z”ôtm”ôk,tuzatmok
zeyk”ôsh,zyk”ôsh
zer-zavil,shumtaka
zer-z”ôvil,zer-zav ºl
zir”ôy,zirak
z ºq,zin
z ºrq,pirt
z ºrt,z ºrq
ziq,ingichka va uzun buyli
z”©tm”ôk,z”ôtm”ôk
z“Ølpitilla,xotin-qizlarning sochiga osadigan bezagi
yej”ôshm”ôk,o ºchakishmoq
yezuv,labning ikki chek-kasi.
yey”ôv,egov
yey”ôvl”ôm”ôk,egov-lamoq
yey”ôl”ôm”ôk,birov-ning narsasiga ega bo ºlmoq
yey”ôr,agar
yey”ôrm”ôk,ergash-moq
yeyvan,ayvon; hovli
yeyi,yaxshi
yeyilik,yaxshilik
yeyim”ôk,iyimo
yeyin,yelka; kift
yeyit,hayit
yeym”ôk,egmoq
yeyran,ayron
yeki,ikki
yel,xalk
yelat,mahalla; mahalla aholi-si
yel”ôm”ôk,zorlanmoq; zor-tavallo qilmoq
yesh”ônl”ôm”ôk,kasallanmoq
yeshm”ôk,eshmok; 2. esh-kak urmoq
ye:r,erta (ra-no):
yaban,yavan
yab º,ishchi ot; xashaki ot
yava,ya:va
yavaq,ya:va
yavan,qishloq
yavax,goh vaqt
yavva,ya:va
yavg ºan,yo:g ºan
yav ºn,yogin
yavr ºn,yag ºin
yag º,jag º
yag ºin,orqa
yag ºish,yomg ºir
yag ºlamaq,yig ºlamoq
yag ºnamaq,yig ºmoq
yazg ºit,taqdir
yaziq,gunoh
yazd ºrmaq,bo ºshatmoq
yazmaq,yozmoq
yaynamaq,yayramoq
yaq,yo ºq
yaqachar,olyopqich; fartuk
yaqiyn,yaqin
yaqt º,yorug
yala,yola
yalaza,bo ºshliq; ochiq maydon
yalg ºamaq,yolgonni chin qilib so ºzlamoq
yald ºramaq,yaltiramoq
yal ºmsaq,laganbardor; yalinchoq
yal ºn,yaling
yaliq,olov
yall ºqamaq,ko ºmaklashmoq
yalpashmaq,ag ºnamoq
yandaq,yantoq
yantashmaq,yondashmoq
yaqa,yangi
yaqag ºi,haligi
yaqaldan,yang ºidan
yaqilmaq,yanglishmoq
yaqil ºshiq,yanglish
yaqqi,boyagi
yaqs ºlamaq,taqlid qilmoq
yap,anhor
yap ºldaq,minishga tayyor (ot)
yar,jar
yarashig ºl º,yarashgan
yarg ºanat,yerqanat
yar ºmaq,yolchimoq
yar ºmsaq,yal ºmsaq
yar ºn,kelgusi yil
yarmaq,yormoq
yarpaq,yorpaq
yarp º,ya:r º
yas,sayoz (say)
yasqa,kechuv (o ºtadigan
yatag º,yotaloq
yat ºrmaq,yotqizmoq
yatqi,bachadon
yaxiyk,sovuq
yaxt º,yorug º
yashull º,rahbar
ya:va,ayri
ya:g ºi,yov
ya:r º,yarim
ya:s,aza
ya:t,yot
y”ô:rm”ôk,yubormoq
yeg”ôn”ô,yakan qamishga o ºxshagan o ºsimlik.
yegm”ôk,haydamoq
yeg ºlamaq,yig ºlamoq
yeddi,yetti
y”ôzd”ô,yezn”ô
y”ôzn”ô,pochcha
yeyilm”ôk,yozilmoq
yeym”ô,yupqa ko ºrpa
yek,yomon ko ºrmoq
yel”ôk,xotin-qizlar kiyimi
yekl”ônm”ôk,yek k”©rm”ôk
yelimsh”ôk,yopishqoq; yelimsimon
yelpis,shamol
yelpild”ôm”ôk,hilpillamoq; tebranmoq
yen”ô,yana
yenchm”ôk,yanchmoq
yeqnamaq,yig ºmoq
yepkin,”ôpkn
yer,yer
yesap,isap
yes”ôr II,chaqkon
yet”ôshm”ôk,yetaklashmok
yetm”ôk,yetaklamoq
yetirm”ôk,yetkazmoq
yesh,hech
y”©ch kim,hech kim
yeshik,eshik
yishkim,hech kim
yilik,y“Øl“Øk
yilim”ôk,jilmoq
yiltild”ôm”ôk,hilpillamoq
yip”ôk,ipak
yip“Øp“Øch,popishak
yit,ket (itni haydab
yitirm”ôk,yo ºq etmoq
yitti,juda
y ºg ºirmaq,burishtirmoq; tirishtirmoq
yig ºnamaq,yengmaq
yig ºranmaq,ig ºranmaq
y ºynamaq,yig ºmoq
yiqmaq,yiqitmoq
y ºlamaq,yeg ºlamaq.
y ºl ºqma,y ºl ºnma
y ºl ºnma,iliqadigan
y ºm ºrta,tuxum
y ºm ºrtqa,y ºm ºrta
y ºmriq,musht
yiqnamaq,yig ºmoq
yomasa,bo ºlmasa; aks holda
yolmasa,bo ºlmasa; aks holda
yog ºiyn,yo ºg ºon
yonja,yor ºnja
yonig ºch º,duradgor
yon ºsht ºrmaq,eplashtirmoq
yoq ºrchqa,yor ºnja
yoqqa,payraxa
yoq,yang
yorg ºin,ko ºrpa
yor ºnja,yo ºngichqa
yor ºmaq,ta ºriflamoq
yormaq,yor ºmaq
yorpaq,yaproq
yo:g ºan,yog
y”©l“Øn,harom mag ºiz
y”©tkirik,y“Øtkrk
y”©n,qulay
yuvanmaq,yupanmoq
yuvusqa,yu:sqa
yu:q,yaqin
yuqum,foyda
yuma:q,yigirishga tayyor qilingan paxta tu- tami
yum ºrtqa,y ºm ºrta
y“Øzm”ôk,suzmoq
y“Øzikishm”ôk,uchrashmoq
y“Øzikm”ôk,yuz ko ºrmoq
y“Øyirm”ôk,yugurmoq
y“Øl“Øk,ilik
y“Øl“Øn,harom mag ºiz
y“Øl“Øq,y“Øl“Øn
y“Øn“Øl,yengil
y“Øql”ôm”ôk,rivojlanmoq
y“Øp”ôk,yil”ôk
y“Ørim”ôk,yurmoq
y“Ø:r”ôk,yugurik
kardi,dimogdor
ka:za,kichik kapa
ka:l,suv yuvub ketgan
ka:n,ko ºp:
ka:r,ish; vazifa; kasb
ka:sa,piyola:
k”ôv”ôk,kavk
k”ôvim”ôk,kakramok
k”ôvin,ko ºngil:
k”ôj,king ºir
k”ôl”ôvach,ipni kalava kilib oraydigan asbob
k”ôl”ôk,shoxsiz echki
k”ôl”ônt”ôr,obkash
k”ôl”ôp,kalava(ip kalavasi)
k”ôl”ôp”ôtr”ô,tartibsiz
k”ôl”ôs”ôn,axmok
k”ôll”ôk,kallak (daraxt shoxini chopish)
k”ôll”ôki,popokning bir turi
k”ôltik”ôl”ôs,ankov (gapga kulok solmaydigan
k”ôlchik,sokov
k”ôlchikl”ônm”ôk,duduklanmok
k”ôms,yarimta
k”ômis-k”ôdik,kamchilik.
k”ômmal,kambagal:
k”ôniz,karniz.
kant,el; qishloq aholisi
k”ôntik”ôs”ôk,bisot
kenshirik,qanshar:
k”ôpin,kafan
k”ôpm”ôk kepmoq,qurimoq
k”ôpp”ô,vayrona
k”ôpshirm”ô,ulash (svarka):
k”ôrv ºch,g ºisht:
k”ôrs º,ba-liq tutadigan savat
k”ôsirtk”ô,kaltakesakning bir turi.
k”ôt,karavot
k”ôt”ôn,qalin materiya (eshik parda
k”ôt”ôv,hayvonlar tomog ºiga chiqadigan yara
k”ôtxuda,aqli raso
k”ôch,hatto
k”ôshk”ôt,o ºroq-simon pichoq (o ºtoqda
K”ôshm”ôk,o ºg ºirlamoq
kez - asp,keyin
keli,o ºgir
kense,idora
kechk”ôy,koshki
kesh”ôn”ô,sabil
kikik,tutilib
killikcha,ko ºkrakcha
kilit,kalit
k ºrm”ôv,chalmaq - chal moq:
k ºrk ºr”ô,sholi tegirmoni
tiyd”ôn,teyd”ôn
tiyip,teyp
tiym”ôk,deym”ôk
tik”ôch,tuk”ôch
tiqnird”ôm”ôk,dingirlamoq
tip,di:v
tiskinm”ôk,seskanmoq
t ºypaq,t ºypaq ashiq-xirpa oshiq
t ºk ºr,qit ºr
t ºqqin,probka
t ºn ºmaq,dun ºmaq
t ºr ºmsaq,tirishqoq
t ºrnaq,d ºnnaq
t ºrt ºm,jimjit
tovshan,tovushqon
tog ºalaq,omaloq
toqg ºir,yog idishi (tunukadan)
toqg ºirtqa,toqitqa
tom ºrtqa,toqitqa
toq,muz
tor,ov to ºri
torqa,totra
torqildamaq,taraqlamoq
torriq,ipning notekis joyi
torsaymaq,zo ºr qayg ºuga tushmoq
tosalaq,serjahl; sirkasi suv ko ºtarmaydigan.
toshnav,Qip. obrez
toshsh º,obrez
t”©b”ô,d”ôp”ô
t”©b”ôl”ôsh,d”ôp”ôl”ôsh
t”©g”ôn”ôk,tog ºalaq
t”©gin,d”©kn
t”©zm”ôk,d”©zm”ôk
tulp,soxta buzoq
tur ºsh,nordon
tuta:niq,t“Øt”ôn”ôk
tutasht ºriq,tutantiriq
tutuq,deraza pardasi. 2. xira
tushoxa,ayri (ikki shoxlisi)
tu:t,tut (daraxt)
t“Øz“Øv,d“Øzy
t“Øy,tuk:hopp º s”ômz yazg º º yoq
tuym”ô,d“Øym”ô
t“Øym”ôk,d”©vm”ôk
t“Øk”ônm”ôk,tamom bo ºlmoq
t“Øk”ôch,chakich
t”©m”ôn,past
t”©qlik,d“Ø:nk
t”©sh”ôk,tushak
t”©: jim,”ôtm”ôk-yig ºmoq jamlamoq
tuvrama,ovqatning turi
tuzoq,qopqon
tuynaq,teri qiradigan asbob
t“Ølp,turp
t“Øqk”ô,tunukadan yasalgan chiroq
t“Øniyn,u kuni
t“Ønm”ôk,d“Ønm”ôk
tuqni,t“Ønk
t“Øql“Øk,d“Ø: nk
t“Ørm”ô,ipakdan to ºqilgan sochoqsimon ro ºmol
t“Ørr”ô,darra (o ºyinda)
t“Øt“Øk,d“Ød“Øk
t“Ørsh”ôk,achchiq; nordon
t“Øt”ôn”ôk,tut qoqadigan chodir
t“Øt”ônik,t“Øt”ôn”ôk
t“Øflik,tupurik
ravak,ravok
ravarag,lang
ray,istak
rap ºrdavik,sergap
ras,tUrgenchi
r:ash,rosh (arik cheti
rejje,reja plan
rep,suri (pilla kurti surisi)
repi:de,yenchilganing katta turi
repche,1
repab,rubob
r ºbap,rebap
r ºsva,rasvo
r ºssik,rizk
rev,rux
rodapay,landavur
roray,ataylab
rostay º,befaxm
re:pek,dastrumol; rumolcha
sabaq,savax
sav ºslanmaq,sagislanmaq
savg ºat,so—ñg ºat
savmaq 1,sovmok
savmaq 2,sapmoq
sag ºala ºr ºq,baliqning kuyi jagi
sag ºalmaq,sog ºaymoq
sag ºat 1,soat
sag ºat 2,yomon
sag ºislanmaq,roxatsizlanmok
sag ºs ºlanmaq,sag ºislanmaq
sazaq,sazoq
sazmaq,ozmog º
say,sayoz
sayaq-sand ºraq,axloqsiz
say ºn,sonicha
say ºsman,otbokar
saymaq,savamoq
saqaq,bag ºbaqa
saqqiz,saqich
saqqal,soqol
salapcha,s ºlapcha
salb ºramaq,shalviramoq
salv ºramaq,salb ºramaq
salg ºit,solg ºitch º
saldam,bl”ôn
salqim,s”ôrxim
sallanmaq,chayqalmoq
salma 1,ariq
salma 2,xamir ovkatning bir turi(tupla)
salt,b“±l
samb ºrdamaq,valdiramoq
samsamlanmoq,ezmalik kilmoq
sandal,sandon
san-sag º ºsh,san-sanaq
san-sanaq,son
sand ºraklamaq,sand ºramaq
sand ºramaq,valdiramoq
sanchqi,balik tutish asbobi
sanchu,sanchiq
sanalaq,sangaraq
sanaraq,danak
saqi,s”ônng
saqimaq,s”ônm”ôk
sapan,sopqon
sapig º,sap ºsh
sapmaq,ulamoq
sap ºsh,payvandlash
saralmoq,sarg ºaymoq
sar ºnjaq,arg ºimchoq
sar º,sa:r º
sarsig º,ma ºlumot
sars ºlmaq,l“±qnllamoq
sar ºsmaq,yemoq
sarxim,suv kuzasining qopqogi
sas ºmaq,sasimok
sass º,sa:s º
satan,oyoqning tizzadan yuqori qismi
satashmaq,“±ralishmoq
sat ºl,oshpichoq
sat ºljan,zotiljam
sat ºn,sotib olmoq
satqaq,sukish
sattiq,vosvos
satuv,sotish
sachaq,sochiq
saxil,saxiy
saxt ºyan,maxsi qiladigan bir tur teri
sa:z 1,muzika
sa:z 2,sinch
sa:n,sanoq
sa:r º,sarig º
sa:s º,sasiq
s”ôvinm”ôk,sevunm”ôk
s”ôvl”ôm”ôk,suzlamoq
s”ôd”ôp,tugma
s”ôl”ôq,s”ôli:n
s”ôl”ôpch”ô,chilopchin
s”ôldir”ôn,omonat turgan
s”ôli:n,bir tur usimlik
s”ôlk”ô,serka
s”ôlk”ôym”ôk,bushamok
salki,Bush kuymoq
s”ôlkild”ôvik,silkitib tashlaydigan
s”ôl”©v,anqov
s”ôlpild”ôm”ôk,rivojlanmoq
s”ôms”ôm,bilq-bilq
s”ôndir”ôkl”ôm”ôk,sandiroqlamoq
s”ôn,muz parchasi
s”ônim”ôk,sanqimoq
s”ôqki,s”ôngng
s”ôqqi,sayoq
s”ôp”ôl”ôm”ôk,siypalamoq
s”ôr”ônch,uzun tayoq
s”ôr”ôsh”ôv,obdova
s”ôrgizdan,sargardon
s”ôrj“Øsh,kalampir va yog ºning maydalangani
s”ôrdoz,kanopdan nozik qilib eshilgan ip
s”ôrilm”ôk,erkalanmok
s”ôrk”©y,kalin
s”ôrm”ôk,yoymoq (quritmoq)
s”ôrm”ôl”ôm”ôk,sinchiklamoq
s”ôrpilm”ôk,orkaga chekinmoq
s”ôrposh,bosh kiyimi
s”ôrri,jinnisimon kishi
s”ôr“Øn”ô,samovar
s”ôs,ovoz
s”ôt”ôqi,ongsiz
s”ôt”ôri,tentak
s”ô:r,saxar
s”ô:t,soat
seyil,syl
seyl”ôm”ôk 1,saylamoq
seyl”ôm”ôk 2,sayramoq
seyr”ôm”ôk,seyl”ôm”ôk
sech”ô,chumchuk
se:mush,uch burchak
se:r”ôk,siyr”ôk
siyirm”ôk,tozalamoq (burun xakida)
siyl,sayl
siyr”ô,sira
siysxana,otxona
sil”ô,kuch
sil”©v,s”ôl”©v
simk”ô,k“±k
sinir,tomir
sinirik,mishiriq
sinirm”ôk,syrm”ôk
sipirinch,xoroz (tegirmon) unini supuradigan supurgi
siplik,axlat
sips”ô,supurgi
si:n:,sinchiqlab-karamoq
s ºg ºir,sigir
s ºd ºr ºm,oqmoq
s ºzl”ômaq,sizmoq
s ºzat,suv
s ºy ºr,s ºg ºir
s ºylamaq,siylamoq
s ºy ºrmaq,supurmoq
s ºynamaq,sinamoq
s ºypanmaq,sirg ºanmoq
s ºyraq,boldir (oyoqning tizzadan kuyi kismi)
s ºyriq,uzun yog ºoch
s ºyr ºlmaq,sirpanmoq
s ºlapcha,chilopchin
s ºlmaq,shilmoq
s ºlu,chiroyli
s ºmb ºrdamaq,s ºmm ºrdamaq
s ºmm ºrdamaq 1,jimirlamoq
s ºmm ºrdamaq 2,ming ºillamoq
s ºms ºm,ezma
s ºnaq-sartiq,noxush xabar
s ºnnaych º,surnaychi
siniraq,oyoq payi
s ºpay º,xon amaldori
s ºpra,supra
s ºp ºrmaq,tozalamok
s ºrg ºiya,foydasiz kishi
s ºr ºq,s ºyriq
s ºr ºnmaq,ozib ketmoq
s ºrqizmaq,sirqitmoq
s ºt ºlmaq,tirsillamoq
s ºtqa,galvirning bir turi
s ºtmaq,siqmoq
s ºtra,figura
s ºchan,sichqon
s ºchramaq,sachramoq
siqman,un oshining bir turi
sob ºraymaq,shumshaymoq
sovmaq,“±tkazmoq
sovulmaq,tamom b“±lmoq
sozmaq,ch“±zmok
soqi,keli
soqta,soxta
solq ºldamaq,Khivaillamoq
solqim,bosh
sonlamaq,tugatmoq
sorikmak,s“±rib olmoq
soxta,qimor “±yini
sorg º ºchlamaq,yelimlamoq
s”©vm”ôk,sevmoq
s”©v“Ønm”ôk,suyunmoq
s”©v“Øt,tol (kora tol)
s”©yl”ôm”ôk,s“±zlamoq
s”©l,sel
s”©l”ôk”ôy,s“±lak
s”©llem”ôk,s“±zlamoq
s”©n”ôk,s“Øn”ôk
s”©:b”ôt,suxbat
s”©:l,s”©l
suvarmaq,sug ºormoq
suvg ºarmaq,suvarmaq
suvulmaq,sovulmaq
sug º ºn ºm,suqiin ºm
suqin ºm,siqim
sullaymaq,xoldan toymoq
sur,su:r
suran,qiy-chuv
susaq,ch“±mich
su:maq,sovmaq
su:r,qora k“±l terisining a ºlo navi
su:saq,susaq
s“Øv“Ønm”ôk,s”©v“Ønm”ôk
s“Øz”ôk,suzag ºon
s“Øzm”ô 1,drushlak
s“Øy,suv
s“Øym”ôk,sevmoq
s“Øyl“Øn,tustovuq
s“Øyr”ômak,sudramoq
s“Øl”ôk”ôy,s”©l”ôk”ôy
s“Øl”ôk”ôt,qobiliyat
s“Ølgi,sochiq
s“Ølgin,qirg ºolvul
s“Ølyin,s“Ølgn
s“Øll”ômpay,landavur
s“Ølp”ô,og ºiz suvi
s“Øm”ôl”ônm”ôk,suykalmoq
s“Ømr”ôym”ôk,s“Ømsnm”ôk
s“Ømsik,smsk
s“Ømsinm”ôk,shumshaymoq
s“Øm“Ørm”ôk,shimirmoq
s“Øndikm”ôk,kokilmoq
s“Ønn ºkm”ôk,s“Øndkm”ôk
s“Ønn”ô,mutaxassis
s“Ønn”ôchilik,kasb-kor
s“Ønchikm”ôk,s“Øndkm”ôk
s“Øn”ôk,suyak
s“Øri,t“±da
s“Ørnikm”ôk,s“Øndkm”ôk
s“Ørr”ôm”ôk,sudramok
s“Ør“Øv,s“Ør
s“Øtliyan,bir “±t
s“Øchi,s“Ø:j
s“Ø:j º,chuchuk
s“Ø:k”ônm”ôk,suykanmoq
s“Ø:m”ôk,s”©vmoq
s“Ø:ri,xuddi
lab ºr |,changak (yakor)
lab ºr ||,bili-bidi
lab ºrdamaq,tez-tez gapirmoq
lavash,churak non
lav ºr-lav ºr,tushunti-rib gapira olmaydigan kishi
lag ºva,sergap
lag º ºm,lag º
ladan,nondon
laz ºm,fotiha
laz ºma,xotin-qizlar ishtoni
laylama,yarim qazuv (sugorish termini)
laylamaq,chalg ºitmoq
laqalaq,beo ºxshov (kiyim); haddan tashqari keng
laqam,laqab
lakir-lakir,yurakning behol bo ºlib qolishi:
laqirdaviq,bo ºlar-bo ºl masga gapiraveradigan odamga qo ºyilgan laqab
laqqasa,bir o ºyinning yo ºli
laqqi,sergap; bema ºni so ºzlarni so ºzlovchi (odam)
lalazar,go ºzal
laparman ºy,naparman ºy
laq,o ºlat
lapa,la:pa
laplama,turli bo ºyoqlarning aralashmasi
lar,miltiqning bir turi
lars,yetishgan
la: pa,konvert
lash,murda
l”ôb”ôk,po ºstin tevaragiga tutiladigan teri
l”ôvap,shovlaning suyuq pishgani
l”ôva: p º,kosa
l”ôv”ôy,labbay
l”ôv”ônt,ishyoqmas
l”ôg”ôn,xamir qiladigan idish
l”ôzgi,o ºyinning turi; kuy
l”ôk-l”ôk,pora-pora
l”ônj,lanj
l”ônch,l”ônj
l”ôn,oz-moz oqsab yuradigan (odam)
l”ôp”ôq,lapashang; no ºnoq
l”ôpp”ôs,landavur; o ºta yalqov
l”ôppik,bo ºsh (yog ºi dog º bo ºlmagan osh hakida:
l”ôpsh”ô,bugiz-ning to ºriga chiqadigan mayda yara
loqq º,mevaning kattasi
lol º,buzuq. Fohisha
lond º,kiyim kiysa kelishmaydigan (odam)
long ºir,vazmin
lopp º,semiz
lor,lars
l”©t”ôr”ô,to ºrtta:
le: v,lab
le: z,lafz
lezi: i”ô,shirinlikning bir turi.
lux,dux (qovun osadigan lux)
lech”ôk,l”ôch”ôk
lilli,tentak
l“Økch”ô,yax-lit
l“Øni,o ºlik yuvuv chilar kiyadigan maxsus qo ºlqop
l“Øpp”ô-l“Øp,limmo-lim (idishga suyuqlikning to ºlishi).
mag ºaldaq,o ºmboloq; ~oshmoq - o ºmboloq oshmoq
mag ºiz,tutuk
mag ºlay,peshona
may,yog º
maya,moyak
mala-maj ºr,tuturiqsiz
malg ºam,balg ºam
maqlay,mag ºlay
maqlaycha,durra (boshga o ºraydigan kichik ro ºmol)
mardan,g ºalla solish uchun qo ºllanadigan katta idish
mardash,chordona
mat,jim
maxmal,baxmal
nava,na::va
navax,kachon
nav º,nav º dysen
navkan,no:kan
naxan,no:kan
navx ºna,tonuk kuz
navcha,gura
navchun,nima uchun
nag ºm,lagim
nazvay,gulrayxon
nakish,naksh
nal ºnmak,nolimok
nama,kuy
nambay,novvoy
naparman ºy,rangning turi
naxal,taka
nashpot º,nashvoti
parav ºz,1
par ºmaq,1 chidamoq
parmal,okuchka
parr ºldamaq,lorullamoq
partal,partav
pasmanda,past
pat,kuch
patas,tuproq aralashgan somon; poxol
pat ºya,fotiha
pat ºrdamaq,pitirlamoq
patlav ºq,paqlaviq
patlanmaq,badlanmaq
patrat,chatoq
patt º - satt º,mayda - chuyda
paxir,faqir
paxt”ôk,qumri
p”ôzz”ô,tutantiriq
p”ôl”ônch,g ºo ºzapoya
p”ôq,tirgak
p”ôry”ôr,sirkulga o ºxshagan asbob
p”ôrish,yupqa parda
p”ôrt,p”ôrtn ch”ôkm”ôk
p”ôrch,zich
p”ôspi:l,kamtar
p”ôt,paxmoq
p”ôtik,ship (potolok)
p”ôtir”ôk,kichik patir
p”ôtr”ôm”ôk,titmoq
p”ôch”ôkd”ôn”ô,pechak urug ºi
peyda,foyda
p”ôtt”ô,bog
perish,p”ôrsh
pesh,pechka
peshag ºana,pe:sha:na
peshkil,fartuq
peshkir,peshkl
peshm”ôk,pashmak
pe:sh,chopon
pe:sh”ô,yumush
pil”ôm”ôk,“Øfl”ôm”ôk
pilis,mog ºor
pilisl”ômak,mog ºorlamoq
pitin,butun
pitmir,hiylagar
pitt”ô,picha
pish”ôk,pishkak
pishik,mushuk
pishm”ôk,pish- moq (osh haqida)
pisht”ô,pushta
p ºqirdamaq,biqirlamoq
p ºlp ºldamaq,limillamoq
p ºrs ºldaviq,munchoq
p ºss º,qur ºmaq
p ºsliq,bema ºni
p ºsm ºl,ichi qora (odam)
p ºt,but
p ºtaq,budaq
p ºt ºraq,tikon
p ºchq º,b ºchqi
p ºsh ºq,mushuk
p ºshlamaq,pishillamoq n”ôy”ô s”ôn s ºg ºird ºyn p ºshl ºyv”ôr”ôs”ôn? (Xiv
pod ºr,pudra
poya,qog ºoz kabi yupqa qalayi
polas,sholcha
porqan,porxan
porriq,qamish tomiri
porsaq,chang
pors ºq,bo ºrsiq
pors ºmaq,changimoq
port,mo ºrt
porxan,parixon
shovurd º,shivir-shivir
shoqurdamaq,gudurlamoq
sholqit,sholqit º chiqmaq
sholtiq,buzilgan
shomb ºrdamaq,em”ôtvayn º
shor,nordon
shoxum,shovqin
shunn ºyn,shunday
shunchaql º,shuncha
sh“Ønch”ôll,shunchalik
sh“Ønd”ôtip,shunday etib
sh“Øntip,shunday qilib
sh“Øttik,jinchiroq
